62780000102;AUTO POSTO PARATI;AVENIDA FILINTO MULLER,645; ;CENTRO;TRES LAGOAS;MS;GASOLINA C COMUM;4,436;28/06/2018 17:49
62780000102;AUTO POSTO PARATI;AVENIDA FILINTO MULLER,645; ;CENTRO;TRES LAGOAS;MS;ETANOL;3,482;28/06/2018 17:49
62780000102;AUTO POSTO PARATI;AVENIDA FILINTO MULLER,645; ;CENTRO;TRES LAGOAS;MS;DIESEL S500;3,644;28/06/2018 17:49
62780000102;AUTO POSTO PARATI;AVENIDA FILINTO MULLER,645; ;CENTRO;TRES LAGOAS;MS;DIESEL S10;3,734;28/06/2018 17:49
300357000195;POSTO E TRANSPORTADORA PEGORARO;RODOVIA BR 163,S/N;KM 786;ZONA RURAL;COXIM;MS;GASOLINA C COMUM;4,59;05/07/2018 18:55
300357000195;POSTO E TRANSPORTADORA PEGORARO;RODOVIA BR 163,S/N;KM 786;ZONA RURAL;COXIM;MS;ETANOL;3,39;05/07/2018 18:55
300357000195;POSTO E TRANSPORTADORA PEGORARO;RODOVIA BR 163,S/N;KM 786;ZONA RURAL;COXIM;MS;DIESEL S500;3,669;05/07/2018 18:55
300357000195;POSTO E TRANSPORTADORA PEGORARO;RODOVIA BR 163,S/N;KM 786;ZONA RURAL;COXIM;MS;DIESEL S10;3,769;05/07/2018 18:55
360990000179;POSTO DOS ANOES;Q SQC/SUL SQ 315,S/N;BLOCO A PLL 01;ASA SUL;BRASILIA;DF;GASOLINA C COMUM;4,289;28/11/2018 09:34
360990000179;POSTO DOS ANOES;Q SQC/SUL SQ 315,S/N;BLOCO A PLL 01;ASA SUL;BRASILIA;DF;ETANOL;3,49;28/11/2018 09:34
360990000179;POSTO DOS ANOES;Q SQC/SUL SQ 315,S/N;BLOCO A PLL 01;ASA SUL;BRASILIA;DF;DIESEL S10;4,05;28/11/2018 09:34
480284000160;POSTO CENTRAL;AVENIDA GUAXENDUBA,200; ;CENTRO;SAO LUIS;MA;GASOLINA C COMUM;4,169;13/11/2018 15:13
480284000160;POSTO CENTRAL;AVENIDA GUAXENDUBA,200; ;CENTRO;SAO LUIS;MA;DIESEL S10;3,659;13/11/2018 15:13
593430000164;AUTO POSTO BRINATI; LINHA MC-06,6190;TERREO;INDUSTRIAL;MACHADINHO D'OESTE;RO;GASOLINA C COMUM;4,8;04/07/2018 17:51
593430000164;AUTO POSTO BRINATI; LINHA MC-06,6190;TERREO;INDUSTRIAL;MACHADINHO D'OESTE;RO;DIESEL S500;3,78;04/07/2018 17:51
593430000245;AUTO POSTO BRINATI;LINHA SME 02,S/N;KM 72 - LOTE 01, QUADRA 01 - NUCLEO SANTA MARIA;ZONA RURAL;MACHADINHO D'OESTE;RO;GASOLINA C COMUM;4,8;06/08/2018 18:01
593430000245;AUTO POSTO BRINATI;LINHA SME 02,S/N;KM 72 - LOTE 01, QUADRA 01 - NUCLEO SANTA MARIA;ZONA RURAL;MACHADINHO D'OESTE;RO;DIESEL S500;3,81;06/08/2018 18:01
860197000139;POSTO NOSSA SENHORA DA CONCEICAO;RUA EDUARDO SANTOS PEREIRA,601; ;JARDIM BRASIL;CAMPO GRANDE;MS;GASOLINA C COMUM;4,258;21/11/2018 11:42
860197000139;POSTO NOSSA SENHORA DA CONCEICAO;RUA EDUARDO SANTOS PEREIRA,601; ;JARDIM BRASIL;CAMPO GRANDE;MS;ETANOL;3,299;21/11/2018 11:42
860197000139;POSTO NOSSA SENHORA DA CONCEICAO;RUA EDUARDO SANTOS PEREIRA,601; ;JARDIM BRASIL;CAMPO GRANDE;MS;DIESEL S500;3,599;21/11/2018 11:42
860197000139;POSTO NOSSA SENHORA DA CONCEICAO;RUA EDUARDO SANTOS PEREIRA,601; ;JARDIM BRASIL;CAMPO GRANDE;MS;DIESEL S10;3,699;21/11/2018 11:42
976256000139;CEU 070 COMBUSTIVEIS LTDA; LOTE 499 GLEBA 04 PROJ INTEG,S/N;ALEXANDRE GUSMAO;CEILANDIA;BRASILIA;DF;GASOLINA C COMUM;4,687;09/10/2018 16:51
976256000139;CEU 070 COMBUSTIVEIS LTDA; LOTE 499 GLEBA 04 PROJ INTEG,S/N;ALEXANDRE GUSMAO;CEILANDIA;BRASILIA;DF;DIESEL S500;3,799;09/10/2018 16:51
976256000139;CEU 070 COMBUSTIVEIS LTDA; LOTE 499 GLEBA 04 PROJ INTEG,S/N;ALEXANDRE GUSMAO;CEILANDIA;BRASILIA;DF;DIESEL S10;3,899;09/10/2018 16:51
976256000139;CEU 070 COMBUSTIVEIS LTDA; LOTE 499 GLEBA 04 PROJ INTEG,S/N;ALEXANDRE GUSMAO;CEILANDIA;BRASILIA;DF;ETANOL;3,299;09/10/2018 16:51
1109449000155;RODOCAMP AUTO SERVICE LTDA;AVENIDA MERCEDES BENZ,01;GLEBA 1                   QT 8907;DISTRITO INDUSTRIAL;CAMPINAS;SP;GASOLINA C COMUM;4,499;11/09/2018 11:16
1109449000155;RODOCAMP AUTO SERVICE LTDA;AVENIDA MERCEDES BENZ,01;GLEBA 1                   QT 8907;DISTRITO INDUSTRIAL;CAMPINAS;SP;ETANOL;2,799;11/09/2018 11:16
1109449000155;RODOCAMP AUTO SERVICE LTDA;AVENIDA MERCEDES BENZ,01;GLEBA 1                   QT 8907;DISTRITO INDUSTRIAL;CAMPINAS;SP;GNV;2,299;20/06/2018 11:57
1109449000155;RODOCAMP AUTO SERVICE LTDA;AVENIDA MERCEDES BENZ,01;GLEBA 1                   QT 8907;DISTRITO INDUSTRIAL;CAMPINAS;SP;DIESEL S500;3,699;11/09/2018 11:16
1109449000155;RODOCAMP AUTO SERVICE LTDA;AVENIDA MERCEDES BENZ,01;GLEBA 1                   QT 8907;DISTRITO INDUSTRIAL;CAMPINAS;SP;DIESEL S10;3,799;11/09/2018 11:16
1138114000165;POSTO JK;RODOVIA BR 040 KM 102,S N; ; ;CRISTALINA;GO;GASOLINA C COMUM;4,56;28/11/2018 16:44
1138114000165;POSTO JK;RODOVIA BR 040 KM 102,S N; ; ;CRISTALINA;GO;ETANOL;3,06;21/11/2018 16:38
1138114000165;POSTO JK;RODOVIA BR 040 KM 102,S N; ; ;CRISTALINA;GO;DIESEL S500;3,73;01/11/2018 17:13
1138114000165;POSTO JK;RODOVIA BR 040 KM 102,S N; ; ;CRISTALINA;GO;DIESEL S10;3,78;01/11/2018 17:13
1182484000108;POSTO CHAPARRAL;AVENIDA LINO SAMPAIO,83; ;SAMPAIO;PIRES DO RIO;GO;GASOLINA C COMUM;4,72;10/08/2018 17:08
1182484000108;POSTO CHAPARRAL;AVENIDA LINO SAMPAIO,83; ;SAMPAIO;PIRES DO RIO;GO;ETANOL;2,99;10/08/2018 17:08
1182484000108;POSTO CHAPARRAL;AVENIDA LINO SAMPAIO,83; ;SAMPAIO;PIRES DO RIO;GO;DIESEL S500;3,49;10/08/2018 17:08
1182484000108;POSTO CHAPARRAL;AVENIDA LINO SAMPAIO,83; ;SAMPAIO;PIRES DO RIO;GO;DIESEL S10;3,59;10/08/2018 17:08
1308133000273;POSTO TRES FAZENDAS;RODOVIA BR 116,14219; ;COSTEIRA;SAO JOSE DOS PINHAIS;PR;GASOLINA C COMUM;4,39;25/09/2018 09:18
1308133000273;POSTO TRES FAZENDAS;RODOVIA BR 116,14219; ;COSTEIRA;SAO JOSE DOS PINHAIS;PR;DIESEL S500;3,47;25/09/2018 09:18
1308133000273;POSTO TRES FAZENDAS;RODOVIA BR 116,14219; ;COSTEIRA;SAO JOSE DOS PINHAIS;PR;DIESEL S10;3,57;25/09/2018 09:18
1392476000188;POSTO MODELO;AVENIDA MANOEL INACIO PEIXOTO,624; ;BEIRA RIO;CATAGUASES;MG;GASOLINA C COMUM;4,999;08/11/2018 14:32
1392476000188;POSTO MODELO;AVENIDA MANOEL INACIO PEIXOTO,624; ;BEIRA RIO;CATAGUASES;MG;ETANOL;3,369;24/10/2018 11:30
1392476000188;POSTO MODELO;AVENIDA MANOEL INACIO PEIXOTO,624; ;BEIRA RIO;CATAGUASES;MG;DIESEL S500;3,658;08/11/2018 14:32
1392476000188;POSTO MODELO;AVENIDA MANOEL INACIO PEIXOTO,624; ;BEIRA RIO;CATAGUASES;MG;DIESEL S10;3,93;08/11/2018 14:32
1416988000137;POSTO 10;RODOVIA BR 343 KM 10,S/N; ;RODOVIA;TERESINA;PI;GASOLINA C COMUM;4,449;29/11/2018 17:45
1416988000137;POSTO 10;RODOVIA BR 343 KM 10,S/N; ;RODOVIA;TERESINA;PI;DIESEL S500;3,589;29/11/2018 17:45
1416988000137;POSTO 10;RODOVIA BR 343 KM 10,S/N; ;RODOVIA;TERESINA;PI;DIESEL S10;3,689;29/11/2018 17:45
1443559000159;ROGER SOUZA DA SILVA - EPP;ESTRADA BR 293 KM 108,SN; ;ZONA URBANA;PINHEIRO MACHADO;RS;GASOLINA C COMUM;4,89;14/08/2018 20:10
1443559000159;ROGER SOUZA DA SILVA - EPP;ESTRADA BR 293 KM 108,SN; ;ZONA URBANA;PINHEIRO MACHADO;RS;DIESEL S500;3,23;14/08/2018 20:10
1443559000159;ROGER SOUZA DA SILVA - EPP;ESTRADA BR 293 KM 108,SN; ;ZONA URBANA;PINHEIRO MACHADO;RS;DIESEL S10;3,45;14/08/2018 20:10
1574763000109;AUTO POSTO MUTUM LTDA;RODOVIA BR 262,S/N;KM 175;ZONA RURAL;RIBAS DO RIO PARDO;MS;GASOLINA C COMUM;4,646;11/07/2018 10:01
1574763000109;AUTO POSTO MUTUM LTDA;RODOVIA BR 262,S/N;KM 175;ZONA RURAL;RIBAS DO RIO PARDO;MS;ETANOL;3,456;11/07/2018 10:01
1574763000109;AUTO POSTO MUTUM LTDA;RODOVIA BR 262,S/N;KM 175;ZONA RURAL;RIBAS DO RIO PARDO;MS;DIESEL S500;3,346;11/07/2018 10:01
1574763000109;AUTO POSTO MUTUM LTDA;RODOVIA BR 262,S/N;KM 175;ZONA RURAL;RIBAS DO RIO PARDO;MS;DIESEL S10;3,406;11/07/2018 10:01
1935272000146;POSTOS MOURA;RODOVIA BR 232,204;KM    182;SANTO ANTONIO;BELO JARDIM;PE;GASOLINA C COMUM;4,439;04/07/2018 15:28
1935272000146;POSTOS MOURA;RODOVIA BR 232,204;KM    182;SANTO ANTONIO;BELO JARDIM;PE;ETANOL;3,499;04/07/2018 15:28
1935272000146;POSTOS MOURA;RODOVIA BR 232,204;KM    182;SANTO ANTONIO;BELO JARDIM;PE;DIESEL S500;3,369;04/07/2018 15:28
1935272000146;POSTOS MOURA;RODOVIA BR 232,204;KM    182;SANTO ANTONIO;BELO JARDIM;PE;DIESEL S10;3,389;04/07/2018 15:28
2056229000173;POSTO FRANKLIN REZENDE LTDA;RODOVIA MG 367,S/N;KM 278;ZONA RURAL;ARACUAI;MG;GASOLINA C COMUM;5,48;16/10/2018 09:58
2056229000173;POSTO FRANKLIN REZENDE LTDA;RODOVIA MG 367,S/N;KM 278;ZONA RURAL;ARACUAI;MG;ETANOL;3,48;16/10/2018 09:58
2056229000173;POSTO FRANKLIN REZENDE LTDA;RODOVIA MG 367,S/N;KM 278;ZONA RURAL;ARACUAI;MG;DIESEL S500;4,07;16/10/2018 09:58
2056229000173;POSTO FRANKLIN REZENDE LTDA;RODOVIA MG 367,S/N;KM 278;ZONA RURAL;ARACUAI;MG;DIESEL S10;4,12;16/10/2018 09:58
2078330000125;SAO MARTINHO AUTO SERVICE LTDA;AVENIDA SAO JOSE DOS CAMPOS,2500; ;JD NOVA EUROPA;CAMPINAS;SP;GASOLINA C COMUM;4,499;11/09/2018 11:21
2078330000125;SAO MARTINHO AUTO SERVICE LTDA;AVENIDA SAO JOSE DOS CAMPOS,2500; ;JD NOVA EUROPA;CAMPINAS;SP;ETANOL;2,799;11/09/2018 11:21
2078330000125;SAO MARTINHO AUTO SERVICE LTDA;AVENIDA SAO JOSE DOS CAMPOS,2500; ;JD NOVA EUROPA;CAMPINAS;SP;DIESEL S500;3,699;11/09/2018 11:21
2078330000125;SAO MARTINHO AUTO SERVICE LTDA;AVENIDA SAO JOSE DOS CAMPOS,2500; ;JD NOVA EUROPA;CAMPINAS;SP;DIESEL S10;3,799;11/09/2018 11:21
2308408000150;POSTO DE COMBUSTIVEL DA FIGUEIRA LTDA;RODOVIA RS 040 KM 18,3536; ;AGUAS CLARAS;VIAMAO;RS;GASOLINA C COMUM;4,699;29/11/2018 15:38
2308408000150;POSTO DE COMBUSTIVEL DA FIGUEIRA LTDA;RODOVIA RS 040 KM 18,3536; ;AGUAS CLARAS;VIAMAO;RS;ETANOL;3,999;29/11/2018 15:38
2308408000150;POSTO DE COMBUSTIVEL DA FIGUEIRA LTDA;RODOVIA RS 040 KM 18,3536; ;AGUAS CLARAS;VIAMAO;RS;GNV;3,399;29/11/2018 15:38
2308408000150;POSTO DE COMBUSTIVEL DA FIGUEIRA LTDA;RODOVIA RS 040 KM 18,3536; ;AGUAS CLARAS;VIAMAO;RS;DIESEL S500;3,429;29/11/2018 15:38
2308408000150;POSTO DE COMBUSTIVEL DA FIGUEIRA LTDA;RODOVIA RS 040 KM 18,3536; ;AGUAS CLARAS;VIAMAO;RS;DIESEL S10;3,529;29/11/2018 15:38
2315421000137;POSTO 1350 LTDA;RUA HEITOR LIBERATO,2430; ;SAO JOAO;ITAJAI;SC;GASOLINA C COMUM;3,799;14/08/2018 12:18
2315421000137;POSTO 1350 LTDA;RUA HEITOR LIBERATO,2430; ;SAO JOAO;ITAJAI;SC;ETANOL;3,299;14/08/2018 12:18
2315421000137;POSTO 1350 LTDA;RUA HEITOR LIBERATO,2430; ;SAO JOAO;ITAJAI;SC;DIESEL S10;3,299;14/08/2018 12:18
2433811000101;POSTO NAVES;RODOVIA BR 153,S/N;KM 722;CENTRO;FIGUEIROPOLIS;TO;GASOLINA C COMUM;4,899;11/07/2018 12:43
2433811000101;POSTO NAVES;RODOVIA BR 153,S/N;KM 722;CENTRO;FIGUEIROPOLIS;TO;ETANOL;3,899;11/07/2018 12:43
2433811000101;POSTO NAVES;RODOVIA BR 153,S/N;KM 722;CENTRO;FIGUEIROPOLIS;TO;DIESEL S500;3,639;11/07/2018 12:43
2433811000101;POSTO NAVES;RODOVIA BR 153,S/N;KM 722;CENTRO;FIGUEIROPOLIS;TO;DIESEL S10;3,739;11/07/2018 12:43
2455511000123;AUTO POSTO 020;RODOVIA BR 020,SN;KM    30;DISTRITO DO BEZERRA;FORMOSA;GO;GASOLINA C COMUM;4,599;26/11/2018 17:39
2455511000123;AUTO POSTO 020;RODOVIA BR 020,SN;KM    30;DISTRITO DO BEZERRA;FORMOSA;GO;ETANOL;2,969;21/11/2018 12:15
2455511000123;AUTO POSTO 020;RODOVIA BR 020,SN;KM    30;DISTRITO DO BEZERRA;FORMOSA;GO;DIESEL S500;3,629;03/11/2018 17:48
2455511000123;AUTO POSTO 020;RODOVIA BR 020,SN;KM    30;DISTRITO DO BEZERRA;FORMOSA;GO;DIESEL S10;3,684;03/11/2018 17:48
2513158000190;POSTO CENTRAL HS;AVENIDA ADELINO AMERICO DE AZEVEDO,161/163; ;CENTRO;PORANGATU;GO;GASOLINA C COMUM;4,99;22/11/2018 09:55
2513158000190;POSTO CENTRAL HS;AVENIDA ADELINO AMERICO DE AZEVEDO,161/163; ;CENTRO;PORANGATU;GO;ETANOL;3,24;22/11/2018 09:55
2513158000190;POSTO CENTRAL HS;AVENIDA ADELINO AMERICO DE AZEVEDO,161/163; ;CENTRO;PORANGATU;GO;DIESEL S500;3,99;22/11/2018 09:55
2513158000190;POSTO CENTRAL HS;AVENIDA ADELINO AMERICO DE AZEVEDO,161/163; ;CENTRO;PORANGATU;GO;DIESEL S10;4,1;22/11/2018 09:55
2562482000107;POSTO ITAMARATY LEME;AVENIDA VISCONDE DE NOVA GRANADA,1500; ;VILA GROSSKLAUSS;LEME;SP;GASOLINA C COMUM;4,279;14/07/2018 14:47
2562482000107;POSTO ITAMARATY LEME;AVENIDA VISCONDE DE NOVA GRANADA,1500; ;VILA GROSSKLAUSS;LEME;SP;ETANOL;2,459;14/07/2018 14:47
2737116000133;AUTO POSTO RIO BRANCO DE ANDRADAS LTDA;RUA CEL OLIVEIRA,786; ;CENTRO;ANDRADAS;MG;GASOLINA C COMUM;4,649;28/11/2018 13:46
2737116000133;AUTO POSTO RIO BRANCO DE ANDRADAS LTDA;RUA CEL OLIVEIRA,786; ;CENTRO;ANDRADAS;MG;ETANOL;2,849;28/11/2018 13:46
2737116000133;AUTO POSTO RIO BRANCO DE ANDRADAS LTDA;RUA CEL OLIVEIRA,786; ;CENTRO;ANDRADAS;MG;DIESEL S500;3,649;09/11/2018 14:45
2737116000133;AUTO POSTO RIO BRANCO DE ANDRADAS LTDA;RUA CEL OLIVEIRA,786; ;CENTRO;ANDRADAS;MG;DIESEL S10;3,699;09/11/2018 14:45
2930356000150;AUTO POSTO TOCANTINS;AVENIDA BERNARDO SAYAO,3160; ;CENTRO;GUARAI;TO;GASOLINA C COMUM;4,799;13/07/2018 12:02
2930356000150;AUTO POSTO TOCANTINS;AVENIDA BERNARDO SAYAO,3160; ;CENTRO;GUARAI;TO;DIESEL S500;3,449;13/07/2018 12:02
2930356000150;AUTO POSTO TOCANTINS;AVENIDA BERNARDO SAYAO,3160; ;CENTRO;GUARAI;TO;DIESEL S10;3,499;13/07/2018 12:02
3006726000120;POSTO PILOTO;AVENIDA AFONSO PENA,800; ;AMAMBAI;CAMPO GRANDE;MS;GASOLINA C COMUM;4,097;29/06/2018 10:10
3006726000120;POSTO PILOTO;AVENIDA AFONSO PENA,800; ;AMAMBAI;CAMPO GRANDE;MS;ETANOL;3,297;29/06/2018 10:10
3006726000120;POSTO PILOTO;AVENIDA AFONSO PENA,800; ;AMAMBAI;CAMPO GRANDE;MS;DIESEL S10;3,587;29/06/2018 10:10
3096030000131;POSTO ALTO ALEGRE;AVENIDA TANCREDO NEVES,3774; ;CENTRO;ALTO ALEGRE DOS PARECIS;RO;GASOLINA C COMUM;4,85;11/07/2018 09:33
3096030000131;POSTO ALTO ALEGRE;AVENIDA TANCREDO NEVES,3774; ;CENTRO;ALTO ALEGRE DOS PARECIS;RO;DIESEL S500;3,75;11/07/2018 09:33
3096030000131;POSTO ALTO ALEGRE;AVENIDA TANCREDO NEVES,3774; ;CENTRO;ALTO ALEGRE DOS PARECIS;RO;DIESEL S10;3,8;11/07/2018 09:33
3121901000120;POSTO SAVANA;RODOVIA BR-163,17846; ;CHACARA DAS MANSOES;CAMPO GRANDE;MS;GASOLINA C COMUM;4,199;05/07/2018 10:38
3121901000120;POSTO SAVANA;RODOVIA BR-163,17846; ;CHACARA DAS MANSOES;CAMPO GRANDE;MS;ETANOL;2,999;06/07/2018 08:42
3121901000120;POSTO SAVANA;RODOVIA BR-163,17846; ;CHACARA DAS MANSOES;CAMPO GRANDE;MS;DIESEL S500;3,39;05/07/2018 10:38
3121901000120;POSTO SAVANA;RODOVIA BR-163,17846; ;CHACARA DAS MANSOES;CAMPO GRANDE;MS;DIESEL S10;3,49;05/07/2018 10:38
3200588000115;POSTO SAFRA LTDA;RODOVIA SC-480, CHAPECO GOIO-EN,943;E, FRENTE;QUEDAS DO PALMITAL;CHAPECO;SC;GASOLINA C COMUM;4,449;25/09/2018 08:59
3200588000115;POSTO SAFRA LTDA;RODOVIA SC-480, CHAPECO GOIO-EN,943;E, FRENTE;QUEDAS DO PALMITAL;CHAPECO;SC;DIESEL S500;3,399;25/09/2018 08:59
3200588000115;POSTO SAFRA LTDA;RODOVIA SC-480, CHAPECO GOIO-EN,943;E, FRENTE;QUEDAS DO PALMITAL;CHAPECO;SC;DIESEL S10;3,469;25/09/2018 08:59
3572731000108;GLOBO COMBUSTIVEIS;RUA SENADOR SOUZA NAVES,720; ;CENTRO;SERTANOPOLIS;PR;GASOLINA C COMUM;4,649;12/07/2018 09:21
3572731000108;GLOBO COMBUSTIVEIS;RUA SENADOR SOUZA NAVES,720; ;CENTRO;SERTANOPOLIS;PR;ETANOL;2,99;12/07/2018 09:21
3572731000108;GLOBO COMBUSTIVEIS;RUA SENADOR SOUZA NAVES,720; ;CENTRO;SERTANOPOLIS;PR;DIESEL S500;3,33;12/07/2018 09:21
3572731000108;GLOBO COMBUSTIVEIS;RUA SENADOR SOUZA NAVES,720; ;CENTRO;SERTANOPOLIS;PR;DIESEL S10;3,42;12/07/2018 09:21
3572866000165;AUTO POSTO POROROCA XV;AVENIDA BANDEIRANTES,2390; ;VILA BANDEIRANTES;CAMPO GRANDE;MS;GASOLINA C COMUM;4,099;17/07/2018 14:29
3572866000165;AUTO POSTO POROROCA XV;AVENIDA BANDEIRANTES,2390; ;VILA BANDEIRANTES;CAMPO GRANDE;MS;ETANOL;2,999;17/07/2018 14:29
3572866000165;AUTO POSTO POROROCA XV;AVENIDA BANDEIRANTES,2390; ;VILA BANDEIRANTES;CAMPO GRANDE;MS;DIESEL S500;3,389;17/07/2018 14:29
3572866000165;AUTO POSTO POROROCA XV;AVENIDA BANDEIRANTES,2390; ;VILA BANDEIRANTES;CAMPO GRANDE;MS;DIESEL S10;3,459;17/07/2018 14:29
3734859000112;POSTO UNIAO;RUA JOSE DE ALENCAR LEITE,37; ;CENTRO;SANTO ANTONIO DE PADUA;RJ;GASOLINA C COMUM;5,399;09/10/2018 11:25
3734859000112;POSTO UNIAO;RUA JOSE DE ALENCAR LEITE,37; ;CENTRO;SANTO ANTONIO DE PADUA;RJ;ETANOL;3,499;09/10/2018 11:25
3734859000112;POSTO UNIAO;RUA JOSE DE ALENCAR LEITE,37; ;CENTRO;SANTO ANTONIO DE PADUA;RJ;DIESEL S500;3,75;09/10/2018 11:25
3734859000112;POSTO UNIAO;RUA JOSE DE ALENCAR LEITE,37; ;CENTRO;SANTO ANTONIO DE PADUA;RJ;DIESEL S10;3,85;09/10/2018 11:25
3754107000113;AUTO POSTO IRMAOS LEITE;AVENIDA JK,3525;BR 364 KM 426;SETOR INDUSTRIAL;JARU;RO;DIESEL S500;4,06;15/11/2018 09:39
3754107000113;AUTO POSTO IRMAOS LEITE;AVENIDA JK,3525;BR 364 KM 426;SETOR INDUSTRIAL;JARU;RO;DIESEL S10;4,16;15/11/2018 09:39
3754107000113;AUTO POSTO IRMAOS LEITE;AVENIDA JK,3525;BR 364 KM 426;SETOR INDUSTRIAL;JARU;RO;GASOLINA C COMUM;4,75;26/11/2018 12:10
3754107000113;AUTO POSTO IRMAOS LEITE;AVENIDA JK,3525;BR 364 KM 426;SETOR INDUSTRIAL;JARU;RO;ETANOL;4,62;06/11/2018 09:42
3763006000109;AUTO POSTO PUMA;AVENIDA JOAO BATISTA FIGUEIREDO,2636; ;CENTRO;SAO MIGUEL DO GUAPORE;RO;GASOLINA C COMUM;4,85;29/06/2018 16:28
3763006000109;AUTO POSTO PUMA;AVENIDA JOAO BATISTA FIGUEIREDO,2636; ;CENTRO;SAO MIGUEL DO GUAPORE;RO;ETANOL;4,29;29/06/2018 16:28
3763006000109;AUTO POSTO PUMA;AVENIDA JOAO BATISTA FIGUEIREDO,2636; ;CENTRO;SAO MIGUEL DO GUAPORE;RO;DIESEL S500;3,79;29/06/2018 16:28
3763006000109;AUTO POSTO PUMA;AVENIDA JOAO BATISTA FIGUEIREDO,2636; ;CENTRO;SAO MIGUEL DO GUAPORE;RO;DIESEL S10;3,84;29/06/2018 16:28
3807435000130;AUTO POSTO PEROBINHA;AVENIDA ANTONIO JOAQUIM DE MOURA ANDRADE,1100; ;CENTRO;NOVA ANDRADINA;MS;ETANOL;3,499;10/11/2018 10:00
3807435000130;AUTO POSTO PEROBINHA;AVENIDA ANTONIO JOAQUIM DE MOURA ANDRADE,1100; ;CENTRO;NOVA ANDRADINA;MS;DIESEL S500;3,759;08/11/2018 18:20
3807435000130;AUTO POSTO PEROBINHA;AVENIDA ANTONIO JOAQUIM DE MOURA ANDRADE,1100; ;CENTRO;NOVA ANDRADINA;MS;DIESEL S10;3,869;08/11/2018 18:20
3807435000130;AUTO POSTO PEROBINHA;AVENIDA ANTONIO JOAQUIM DE MOURA ANDRADE,1100; ;CENTRO;NOVA ANDRADINA;MS;GASOLINA C COMUM;4,599;12/11/2018 10:36
3822836000160;POSTO EUROGAZ;AVENIDA GOVERNADOR LEONEL DE MOURA BRIZOLA,933B; ;CENTRO;DUQUE DE CAXIAS;RJ;GASOLINA C COMUM;4,99;12/07/2018 15:51
3822836000160;POSTO EUROGAZ;AVENIDA GOVERNADOR LEONEL DE MOURA BRIZOLA,933B; ;CENTRO;DUQUE DE CAXIAS;RJ;ETANOL;3,49;12/07/2018 15:51
3822836000160;POSTO EUROGAZ;AVENIDA GOVERNADOR LEONEL DE MOURA BRIZOLA,933B; ;CENTRO;DUQUE DE CAXIAS;RJ;GNV;2,799;12/07/2018 15:51
3822836000160;POSTO EUROGAZ;AVENIDA GOVERNADOR LEONEL DE MOURA BRIZOLA,933B; ;CENTRO;DUQUE DE CAXIAS;RJ;DIESEL S10;3,53;12/07/2018 15:51
3922066000127;POSTO F1 RACING LTDA;AVENIDA 22 DE MAIO,2952;LOTE 05, QUADRA 05;LOTEAMENTO SANTO EXPEDITO / 1? DISTRITO;ITABORAI;RJ;GASOLINA C COMUM;4,999;09/11/2018 11:01
3922066000127;POSTO F1 RACING LTDA;AVENIDA 22 DE MAIO,2952;LOTE 05, QUADRA 05;LOTEAMENTO SANTO EXPEDITO / 1? DISTRITO;ITABORAI;RJ;ETANOL;3,599;09/11/2018 11:01
3922066000127;POSTO F1 RACING LTDA;AVENIDA 22 DE MAIO,2952;LOTE 05, QUADRA 05;LOTEAMENTO SANTO EXPEDITO / 1? DISTRITO;ITABORAI;RJ;GNV;3,099;09/11/2018 11:01
3922066000127;POSTO F1 RACING LTDA;AVENIDA 22 DE MAIO,2952;LOTE 05, QUADRA 05;LOTEAMENTO SANTO EXPEDITO / 1? DISTRITO;ITABORAI;RJ;DIESEL S500;3,699;09/11/2018 11:01
3922066000127;POSTO F1 RACING LTDA;AVENIDA 22 DE MAIO,2952;LOTE 05, QUADRA 05;LOTEAMENTO SANTO EXPEDITO / 1? DISTRITO;ITABORAI;RJ;DIESEL S10;3,759;09/11/2018 11:01
3927792000132;POSTO CARRETAO;AVENIDA SAO LUIZ,100; ;JD SAO LUIZ;CACERES;MT;GASOLINA C COMUM;4,73;19/09/2018 18:26
3927792000132;POSTO CARRETAO;AVENIDA SAO LUIZ,100; ;JD SAO LUIZ;CACERES;MT;ETANOL;2,95;19/09/2018 18:26
3927792000132;POSTO CARRETAO;AVENIDA SAO LUIZ,100; ;JD SAO LUIZ;CACERES;MT;DIESEL S500;3,92;19/09/2018 18:26
3927792000132;POSTO CARRETAO;AVENIDA SAO LUIZ,100; ;JD SAO LUIZ;CACERES;MT;DIESEL S10;3,99;19/09/2018 18:26
4253381000171;POSTO MAGUARI LTDA;RODOVIA AUGUSTO MONTENEGRO,SN;KM    09                  CONJ  MAGUARI;COQUEIRO;BELEM;PA;GASOLINA C COMUM;4,599;29/08/2018 12:12
4253381000171;POSTO MAGUARI LTDA;RODOVIA AUGUSTO MONTENEGRO,SN;KM    09                  CONJ  MAGUARI;COQUEIRO;BELEM;PA;ETANOL;3,499;29/08/2018 12:12
4253381000171;POSTO MAGUARI LTDA;RODOVIA AUGUSTO MONTENEGRO,SN;KM    09                  CONJ  MAGUARI;COQUEIRO;BELEM;PA;DIESEL S10;3,599;29/08/2018 12:12
4687124000148;AUTO POSTO BURITIS;AVENIDA AIRTON SENA,1284; ;SETOR 02;BURITIS;RO;GASOLINA C COMUM;4,81;21/08/2018 12:39
4687124000148;AUTO POSTO BURITIS;AVENIDA AIRTON SENA,1284; ;SETOR 02;BURITIS;RO;ETANOL;4,51;21/08/2018 12:39
4687124000148;AUTO POSTO BURITIS;AVENIDA AIRTON SENA,1284; ;SETOR 02;BURITIS;RO;DIESEL S500;3,86;04/09/2018 11:47
4687124000148;AUTO POSTO BURITIS;AVENIDA AIRTON SENA,1284; ;SETOR 02;BURITIS;RO;DIESEL S10;3,96;04/09/2018 11:47
4687124000229;AUTO POSTO MODELO;AVENIDA PORTO VELHO,810; ;SETOR 1;BURITIS;RO;GASOLINA C COMUM;4,95;04/09/2018 11:53
4687124000229;AUTO POSTO MODELO;AVENIDA PORTO VELHO,810; ;SETOR 1;BURITIS;RO;ETANOL;4,15;21/08/2018 16:44
4687124000229;AUTO POSTO MODELO;AVENIDA PORTO VELHO,810; ;SETOR 1;BURITIS;RO;DIESEL S500;3,86;04/09/2018 11:53
4687124000229;AUTO POSTO MODELO;AVENIDA PORTO VELHO,810; ;SETOR 1;BURITIS;RO;DIESEL S10;3,96;04/09/2018 11:53
4785105000154;VALENCA AUTO SERVICE LTDA.;RUA MARIA LUCIA DE CASTRO,25; ;PQ. VALENCA;CAMPINAS;SP;GASOLINA C COMUM;4,499;11/09/2018 11:19
4785105000154;VALENCA AUTO SERVICE LTDA.;RUA MARIA LUCIA DE CASTRO,25; ;PQ. VALENCA;CAMPINAS;SP;ETANOL;2,699;11/09/2018 11:19
4785105000154;VALENCA AUTO SERVICE LTDA.;RUA MARIA LUCIA DE CASTRO,25; ;PQ. VALENCA;CAMPINAS;SP;DIESEL S500;3,699;11/09/2018 11:19
4785105000154;VALENCA AUTO SERVICE LTDA.;RUA MARIA LUCIA DE CASTRO,25; ;PQ. VALENCA;CAMPINAS;SP;DIESEL S10;3,799;11/09/2018 11:19
4816108000108;POSTO PALACIO GUANABARA LTDA;RUA PINHEIRO MACHADO,83;83/FUNDOS;LARANJEIRAS;RIO DE JANEIRO;RJ;GASOLINA C COMUM;4,999;14/11/2018 10:46
4816108000108;POSTO PALACIO GUANABARA LTDA;RUA PINHEIRO MACHADO,83;83/FUNDOS;LARANJEIRAS;RIO DE JANEIRO;RJ;ETANOL;3,699;14/11/2018 10:46
4816108000108;POSTO PALACIO GUANABARA LTDA;RUA PINHEIRO MACHADO,83;83/FUNDOS;LARANJEIRAS;RIO DE JANEIRO;RJ;DIESEL S10;3,795;07/11/2018 08:58
4816108000108;POSTO PALACIO GUANABARA LTDA;RUA PINHEIRO MACHADO,83;83/FUNDOS;LARANJEIRAS;RIO DE JANEIRO;RJ;GNV;3,099;21/11/2018 09:07
4825319000107;POSTO AUTOCAR;RUA EMILIA DOS SANTOS,47;ESQ RUA INDAIAL;SAO JOAO;ITAJAI;SC;GASOLINA C COMUM;3,779;14/08/2018 12:52
4825319000107;POSTO AUTOCAR;RUA EMILIA DOS SANTOS,47;ESQ RUA INDAIAL;SAO JOAO;ITAJAI;SC;ETANOL;3,099;14/08/2018 12:52
4825319000107;POSTO AUTOCAR;RUA EMILIA DOS SANTOS,47;ESQ RUA INDAIAL;SAO JOAO;ITAJAI;SC;DIESEL S10;3,398;14/08/2018 12:52
4878675000199;AUTO POSTO SAO CRISTOVAO;AVENIDA PREFEITO OLAVO GOMES DE OLIVEIRA,5377; ;BELA VISTA;POUSO ALEGRE;MG;GASOLINA C COMUM;5,094;01/10/2018 17:10
4878675000199;AUTO POSTO SAO CRISTOVAO;AVENIDA PREFEITO OLAVO GOMES DE OLIVEIRA,5377; ;BELA VISTA;POUSO ALEGRE;MG;ETANOL;3,096;01/10/2018 17:10
4878675000199;AUTO POSTO SAO CRISTOVAO;AVENIDA PREFEITO OLAVO GOMES DE OLIVEIRA,5377; ;BELA VISTA;POUSO ALEGRE;MG;DIESEL S500;3,79;01/10/2018 17:10
4878675000199;AUTO POSTO SAO CRISTOVAO;AVENIDA PREFEITO OLAVO GOMES DE OLIVEIRA,5377; ;BELA VISTA;POUSO ALEGRE;MG;DIESEL S10;3,85;01/10/2018 17:10
4982983000160;POSTO 10;AVENIDA PORTO CARREIRO,1566; ;AEROPORTO;CORUMBA;MS;GASOLINA C COMUM;4,72;03/11/2018 10:44
4982983000160;POSTO 10;AVENIDA PORTO CARREIRO,1566; ;AEROPORTO;CORUMBA;MS;ETANOL;3,59;03/11/2018 10:44
4982983000160;POSTO 10;AVENIDA PORTO CARREIRO,1566; ;AEROPORTO;CORUMBA;MS;DIESEL S500;3,85;03/11/2018 10:44
4982983000160;POSTO 10;AVENIDA PORTO CARREIRO,1566; ;AEROPORTO;CORUMBA;MS;DIESEL S10;3,89;03/11/2018 10:44
5037623000152;AUTO POSTO TIO SAM LTDA;RODOVIA BR 163,S/N;KM 20,5;ZONA RURAL;MUNDO NOVO;MS;GASOLINA C COMUM;4,499;14/11/2018 10:35
5037623000152;AUTO POSTO TIO SAM LTDA;RODOVIA BR 163,S/N;KM 20,5;ZONA RURAL;MUNDO NOVO;MS;ETANOL;3,399;14/11/2018 10:35
5037623000152;AUTO POSTO TIO SAM LTDA;RODOVIA BR 163,S/N;KM 20,5;ZONA RURAL;MUNDO NOVO;MS;DIESEL S500;3,399;14/11/2018 10:35
5037623000152;AUTO POSTO TIO SAM LTDA;RODOVIA BR 163,S/N;KM 20,5;ZONA RURAL;MUNDO NOVO;MS;DIESEL S10;3,459;14/11/2018 10:35
5357865000123;BAIRRO NOVO AUTO POSTO LTDA;RODOVIA BR-364,S/N;KM: 720;AEROCLUBE;PORTO VELHO;RO;GASOLINA C COMUM;4,429;26/07/2018 15:47
5357865000123;BAIRRO NOVO AUTO POSTO LTDA;RODOVIA BR-364,S/N;KM: 720;AEROCLUBE;PORTO VELHO;RO;DIESEL S10;3,556;26/07/2018 15:47
5374546000126;POSTO TITAN;ESTRADA L,S/N;SITIO DA SERRA;NOVO CAVALEIROS;MACAE;RJ;GASOLINA C COMUM;5,09;04/07/2018 13:01
5374546000126;POSTO TITAN;ESTRADA L,S/N;SITIO DA SERRA;NOVO CAVALEIROS;MACAE;RJ;ETANOL;3,59;04/07/2018 13:01
5374546000126;POSTO TITAN;ESTRADA L,S/N;SITIO DA SERRA;NOVO CAVALEIROS;MACAE;RJ;DIESEL S500;3,59;04/07/2018 13:01
5374546000126;POSTO TITAN;ESTRADA L,S/N;SITIO DA SERRA;NOVO CAVALEIROS;MACAE;RJ;DIESEL S10;3,65;04/07/2018 13:01
5593306000112;AUTO POSTO JOWAL;RODOVIA MC-03, ESQUINA COM AV. TANCREDO NEVES,2871; ;CENTRO;MACHADINHO D'OESTE;RO;GASOLINA C COMUM;4,8;04/07/2018 17:35
5593306000112;AUTO POSTO JOWAL;RODOVIA MC-03, ESQUINA COM AV. TANCREDO NEVES,2871; ;CENTRO;MACHADINHO D'OESTE;RO;ETANOL;4,43;04/07/2018 17:35
5593306000112;AUTO POSTO JOWAL;RODOVIA MC-03, ESQUINA COM AV. TANCREDO NEVES,2871; ;CENTRO;MACHADINHO D'OESTE;RO;DIESEL S500;3,78;04/07/2018 17:35
5593306000112;AUTO POSTO JOWAL;RODOVIA MC-03, ESQUINA COM AV. TANCREDO NEVES,2871; ;CENTRO;MACHADINHO D'OESTE;RO;DIESEL S10;3,86;04/07/2018 17:35
5675515000105;POSTO CENTRO SUL;RUA JOAO GUALBERTO,237; ;CENTRO;PALMAS;PR;GASOLINA C COMUM;4,56;16/07/2018 11:13
5675515000105;POSTO CENTRO SUL;RUA JOAO GUALBERTO,237; ;CENTRO;PALMAS;PR;ETANOL;3,18;16/07/2018 11:13
5675515000105;POSTO CENTRO SUL;RUA JOAO GUALBERTO,237; ;CENTRO;PALMAS;PR;DIESEL S10;3,35;16/07/2018 11:13
5843222000190;POSTO BARREIRINHAS;RUA LAURO SODRE,520; ;SAO JOSE;TUCURUI;PA;GASOLINA C COMUM;5,17;08/10/2018 17:13
5843222000190;POSTO BARREIRINHAS;RUA LAURO SODRE,520; ;SAO JOSE;TUCURUI;PA;DIESEL S10;4,16;08/10/2018 17:13
6039710000101;L V L COMERCIO DE COMBUSTIVEIS LTDA.;RODOVIA ESTADUAL RS 122,S/N;KM 23;BELA VISTA;BOM PRINCIPIO;RS;GASOLINA C COMUM;4,399;22/08/2018 18:28
6039710000101;L V L COMERCIO DE COMBUSTIVEIS LTDA.;RODOVIA ESTADUAL RS 122,S/N;KM 23;BELA VISTA;BOM PRINCIPIO;RS;DIESEL S500;3,099;22/08/2018 18:28
6039710000101;L V L COMERCIO DE COMBUSTIVEIS LTDA.;RODOVIA ESTADUAL RS 122,S/N;KM 23;BELA VISTA;BOM PRINCIPIO;RS;DIESEL S10;3,149;22/08/2018 18:28
6050724000126;AUTO POSTO VILA RICA;RODOVIA BR-020 KM 87,SN; ;VILA BOA;VILA BOA;GO;GASOLINA C COMUM;4,999;03/10/2018 20:16
6050724000126;AUTO POSTO VILA RICA;RODOVIA BR-020 KM 87,SN; ;VILA BOA;VILA BOA;GO;ETANOL;2,999;03/10/2018 19:13
6050724000126;AUTO POSTO VILA RICA;RODOVIA BR-020 KM 87,SN; ;VILA BOA;VILA BOA;GO;DIESEL S500;3,849;03/10/2018 19:13
6269773000154;REVENDEDORA SOPETRO LTDA;AVENIDA BEIRA MAR,170; ;CENTRO;SAO LUIS;MA;GASOLINA C COMUM;4,699;09/10/2018 18:22
6269773000154;REVENDEDORA SOPETRO LTDA;AVENIDA BEIRA MAR,170; ;CENTRO;SAO LUIS;MA;DIESEL S10;3,899;09/10/2018 18:22
6294288000130;POSTO KATIA LOCATELLI;AVENIDA COSTA E SILVA,14; ;JARDIM AMERICA;CAMPO GRANDE;MS;GASOLINA C COMUM;4,097;28/11/2018 17:08
6294288000130;POSTO KATIA LOCATELLI;AVENIDA COSTA E SILVA,14; ;JARDIM AMERICA;CAMPO GRANDE;MS;ETANOL;3,297;16/10/2018 15:43
6294288000130;POSTO KATIA LOCATELLI;AVENIDA COSTA E SILVA,14; ;JARDIM AMERICA;CAMPO GRANDE;MS;DIESEL S500;3,657;14/11/2018 09:03
6294288000130;POSTO KATIA LOCATELLI;AVENIDA COSTA E SILVA,14; ;JARDIM AMERICA;CAMPO GRANDE;MS;DIESEL S10;3,697;14/11/2018 09:03
6303970000142;AUTO POSTO PONTE METALICA;PRACA MARTINS AFONSO,78; ;CENTRO;GUARATINGUETA;SP;GASOLINA C COMUM;4,299;17/11/2018 14:19
6303970000142;AUTO POSTO PONTE METALICA;PRACA MARTINS AFONSO,78; ;CENTRO;GUARATINGUETA;SP;ETANOL;2,899;22/10/2018 09:53
6303970000142;AUTO POSTO PONTE METALICA;PRACA MARTINS AFONSO,78; ;CENTRO;GUARATINGUETA;SP;DIESEL S10;3,775;22/10/2018 09:53
6341746000145;POSTO PALMEIRA;RODOVIA CUIABA/SANTAREM,S/N;KM 1347;BELA V. DO CARACOL;TRAIRAO;PA;GASOLINA C COMUM;4,77;05/09/2018 19:07
6341746000145;POSTO PALMEIRA;RODOVIA CUIABA/SANTAREM,S/N;KM 1347;BELA V. DO CARACOL;TRAIRAO;PA;DIESEL S500;3,74;05/09/2018 19:07
6341746000145;POSTO PALMEIRA;RODOVIA CUIABA/SANTAREM,S/N;KM 1347;BELA V. DO CARACOL;TRAIRAO;PA;DIESEL S10;3,8;05/09/2018 19:07
7135119000110;BIOPOSTO CAMPECHE; SERVIDAO TEODORO EUGENIO DA SILVA,47; ;CAMPECHE;FLORIANOPOLIS;SC;GASOLINA C COMUM;3,899;28/11/2018 07:39
7135119000110;BIOPOSTO CAMPECHE; SERVIDAO TEODORO EUGENIO DA SILVA,47; ;CAMPECHE;FLORIANOPOLIS;SC;ETANOL;3,599;12/11/2018 12:04
7135119000110;BIOPOSTO CAMPECHE; SERVIDAO TEODORO EUGENIO DA SILVA,47; ;CAMPECHE;FLORIANOPOLIS;SC;DIESEL S10;3,699;12/11/2018 12:04
7157563000137;POSTO SAMUEL;AVENIDA SANTOS DUMONT,S/N; ;TIRIRICAL;SAO LUIS;MA;GASOLINA C COMUM;4,06;29/11/2018 17:03
7157563000137;POSTO SAMUEL;AVENIDA SANTOS DUMONT,S/N; ;TIRIRICAL;SAO LUIS;MA;DIESEL S500;3,46;22/11/2018 12:06
7157563000137;POSTO SAMUEL;AVENIDA SANTOS DUMONT,S/N; ;TIRIRICAL;SAO LUIS;MA;DIESEL S10;3,6;22/11/2018 12:06
7198313000145;CLODOMIRO BATHKE E CIA.LTDA;RUA GUILHERME BATHKE,241; ;CENTRO;BALSA NOVA;PR;GASOLINA C COMUM;4,59;13/10/2018 15:25
7198313000145;CLODOMIRO BATHKE E CIA.LTDA;RUA GUILHERME BATHKE,241; ;CENTRO;BALSA NOVA;PR;ETANOL;3,23;13/10/2018 15:25
7198313000145;CLODOMIRO BATHKE E CIA.LTDA;RUA GUILHERME BATHKE,241; ;CENTRO;BALSA NOVA;PR;DIESEL S10;3,62;13/10/2018 15:25
7291814000171;POSTO NOVA QUEIMADOS LTDA;RUA VEREADOR MARINHO  HEMETERIO OLIVEIRA,1201; ;CENTRO;QUEIMADOS;RJ;GASOLINA C COMUM;4,899;27/07/2018 17:29
7291814000171;POSTO NOVA QUEIMADOS LTDA;RUA VEREADOR MARINHO  HEMETERIO OLIVEIRA,1201; ;CENTRO;QUEIMADOS;RJ;ETANOL;3,299;27/07/2018 17:29
7291814000171;POSTO NOVA QUEIMADOS LTDA;RUA VEREADOR MARINHO  HEMETERIO OLIVEIRA,1201; ;CENTRO;QUEIMADOS;RJ;GNV;2,588;27/07/2018 17:29
7291814000171;POSTO NOVA QUEIMADOS LTDA;RUA VEREADOR MARINHO  HEMETERIO OLIVEIRA,1201; ;CENTRO;QUEIMADOS;RJ;DIESEL S10;3,489;27/07/2018 17:29
7298624000186;POSTO PANTANAL;RUA PROJETADA,S/N;BR 262 LADO DIREITO;PORTAL DO PANTANAL;MIRANDA;MS;DIESEL S500;3,68;27/06/2018 10:29
7298624000186;POSTO PANTANAL;RUA PROJETADA,S/N;BR 262 LADO DIREITO;PORTAL DO PANTANAL;MIRANDA;MS;DIESEL S10;3,78;27/06/2018 10:29
7482075000103;COLOSSAL BATEL;ALAMEDA DR. CARLOS DE CARVALHO,1830; ;BATEL;CURITIBA;PR;GASOLINA C COMUM;4,199;19/11/2018 15:39
7482075000103;COLOSSAL BATEL;ALAMEDA DR. CARLOS DE CARVALHO,1830; ;BATEL;CURITIBA;PR;ETANOL;2,899;19/11/2018 15:39
7482075000103;COLOSSAL BATEL;ALAMEDA DR. CARLOS DE CARVALHO,1830; ;BATEL;CURITIBA;PR;DIESEL S10;3,499;19/11/2018 15:39
7536636000100;POSTO DO JOCA;AVENIDA BRASIL,804; ;SIMOES LOPES;PELOTAS;RS;GASOLINA C COMUM;4,799;24/11/2018 21:06
7536636000100;POSTO DO JOCA;AVENIDA BRASIL,804; ;SIMOES LOPES;PELOTAS;RS;DIESEL S500;3,859;24/11/2018 21:07
7536636000100;POSTO DO JOCA;AVENIDA BRASIL,804; ;SIMOES LOPES;PELOTAS;RS;DIESEL S10;3,959;24/11/2018 21:07
7605515000164;POSTO SAO RAIMUNDO;RODOVIA CE 040,S/N;KM 52;MATAQUIRI;CASCAVEL;CE;GASOLINA C COMUM;4,69;24/10/2018 09:15
7605515000164;POSTO SAO RAIMUNDO;RODOVIA CE 040,S/N;KM 52;MATAQUIRI;CASCAVEL;CE;ETANOL;3,56;04/09/2018 09:56
7605515000164;POSTO SAO RAIMUNDO;RODOVIA CE 040,S/N;KM 52;MATAQUIRI;CASCAVEL;CE;DIESEL S10;3,96;05/10/2018 08:19
7605515000245;POSTO SAO RAIMUNDO 2;AVENIDA CHANLECER EDSON QUEIROZ,3376; ;RIO NOVO;CASCAVEL;CE;GASOLINA C COMUM;4,72;24/10/2018 09:17
7605515000245;POSTO SAO RAIMUNDO 2;AVENIDA CHANLECER EDSON QUEIROZ,3376; ;RIO NOVO;CASCAVEL;CE;ETANOL;3,59;21/09/2018 13:15
7605515000245;POSTO SAO RAIMUNDO 2;AVENIDA CHANLECER EDSON QUEIROZ,3376; ;RIO NOVO;CASCAVEL;CE;DIESEL S10;3,98;05/10/2018 15:15
7840472000100;AUTO POSTO SANTA RITA;AVENIDA BAHIA,625;QUADRA234                 LOTE  10 E 11;CENTRO;PONTALINA;GO;GASOLINA C COMUM;4,859;05/09/2018 19:21
7840472000100;AUTO POSTO SANTA RITA;AVENIDA BAHIA,625;QUADRA234                 LOTE  10 E 11;CENTRO;PONTALINA;GO;ETANOL;2,999;18/07/2018 17:26
7840472000100;AUTO POSTO SANTA RITA;AVENIDA BAHIA,625;QUADRA234                 LOTE  10 E 11;CENTRO;PONTALINA;GO;DIESEL S500;3,899;05/09/2018 19:21
7840472000100;AUTO POSTO SANTA RITA;AVENIDA BAHIA,625;QUADRA234                 LOTE  10 E 11;CENTRO;PONTALINA;GO;DIESEL S10;3,999;05/09/2018 19:21
7928956000105;POSTO ARIQUEMES;AVENIDA CAPITAO SILVIO ESQUINA COM RUA PERIMETRAL LESTE,5303; ;SETOR 02;ARIQUEMES;RO;GASOLINA C COMUM;4,59;05/07/2018 18:41
7928956000105;POSTO ARIQUEMES;AVENIDA CAPITAO SILVIO ESQUINA COM RUA PERIMETRAL LESTE,5303; ;SETOR 02;ARIQUEMES;RO;DIESEL S500;3,52;05/07/2018 18:41
7928956000105;POSTO ARIQUEMES;AVENIDA CAPITAO SILVIO ESQUINA COM RUA PERIMETRAL LESTE,5303; ;SETOR 02;ARIQUEMES;RO;DIESEL S10;3,65;05/07/2018 18:41
8355825000130;POSTO DE COMBUSTIVEIS 214 SUL;SETOR SHC/SUL SQ 214 BLOCO A PAG - LOJA DE CONV. 20,S/N; ;ASA SUL;BRASILIA;DF;GASOLINA C COMUM;4,39;26/06/2018 10:59
8355825000130;POSTO DE COMBUSTIVEIS 214 SUL;SETOR SHC/SUL SQ 214 BLOCO A PAG - LOJA DE CONV. 20,S/N; ;ASA SUL;BRASILIA;DF;ETANOL;3,38;26/06/2018 10:59
8355825000130;POSTO DE COMBUSTIVEIS 214 SUL;SETOR SHC/SUL SQ 214 BLOCO A PAG - LOJA DE CONV. 20,S/N; ;ASA SUL;BRASILIA;DF;GNV;1;26/06/2018 10:59
8355825000130;POSTO DE COMBUSTIVEIS 214 SUL;SETOR SHC/SUL SQ 214 BLOCO A PAG - LOJA DE CONV. 20,S/N; ;ASA SUL;BRASILIA;DF;DIESEL S500;1;26/06/2018 10:59
8355825000130;POSTO DE COMBUSTIVEIS 214 SUL;SETOR SHC/SUL SQ 214 BLOCO A PAG - LOJA DE CONV. 20,S/N; ;ASA SUL;BRASILIA;DF;DIESEL S10;4,799;26/06/2018 10:59
8450385000109;COMERCIO DE PRODUTOS MAIS LTDA;AVENIDA 25 DE AGOSTO,7540; ;CIDADE ALTA;ROLIM DE MOURA;RO;GASOLINA C COMUM;4,74;12/07/2018 19:45
8450385000109;COMERCIO DE PRODUTOS MAIS LTDA;AVENIDA 25 DE AGOSTO,7540; ;CIDADE ALTA;ROLIM DE MOURA;RO;DIESEL S500;3,61;12/07/2018 19:45
8450385000109;COMERCIO DE PRODUTOS MAIS LTDA;AVENIDA 25 DE AGOSTO,7540; ;CIDADE ALTA;ROLIM DE MOURA;RO;DIESEL S10;3,69;12/07/2018 19:45
8605136000137;POSTO R7;AVENIDA PARQUE NACIONAL DAS EMAS,S/N;QUADRA 88 LOTES 13/18;BOA VISTA;MINEIROS;GO;GASOLINA C COMUM;5;28/11/2018 20:02
8605136000137;POSTO R7;AVENIDA PARQUE NACIONAL DAS EMAS,S/N;QUADRA 88 LOTES 13/18;BOA VISTA;MINEIROS;GO;ETANOL;3,3;28/11/2018 20:02
8605136000137;POSTO R7;AVENIDA PARQUE NACIONAL DAS EMAS,S/N;QUADRA 88 LOTES 13/18;BOA VISTA;MINEIROS;GO;DIESEL S500;3,83;05/11/2018 11:05
8605136000137;POSTO R7;AVENIDA PARQUE NACIONAL DAS EMAS,S/N;QUADRA 88 LOTES 13/18;BOA VISTA;MINEIROS;GO;DIESEL S10;3,92;05/11/2018 11:05
8742289000126;POSTO MANOELAO;AVENIDA JOAO PESSOA,4963; ;CENTRO;ROLIM DE MOURA;RO;GASOLINA C COMUM;4,69;18/07/2018 09:47
8742289000126;POSTO MANOELAO;AVENIDA JOAO PESSOA,4963; ;CENTRO;ROLIM DE MOURA;RO;DIESEL S500;3,58;18/07/2018 09:47
8742289000126;POSTO MANOELAO;AVENIDA JOAO PESSOA,4963; ;CENTRO;ROLIM DE MOURA;RO;DIESEL S10;3,68;18/07/2018 09:47
8754803000143;POSTO SEM NOME;RODOVIA BR 304,680; ;FAZENDA PIATO;MACAIBA;RN;GASOLINA C COMUM;4,379;12/07/2018 10:31
8754803000143;POSTO SEM NOME;RODOVIA BR 304,680; ;FAZENDA PIATO;MACAIBA;RN;ETANOL;3,599;12/07/2018 10:31
8754803000143;POSTO SEM NOME;RODOVIA BR 304,680; ;FAZENDA PIATO;MACAIBA;RN;DIESEL S500;3,379;12/07/2018 10:31
8754803000143;POSTO SEM NOME;RODOVIA BR 304,680; ;FAZENDA PIATO;MACAIBA;RN;DIESEL S10;3,479;12/07/2018 10:31
8963963000100;POSTO DE GASOLINA 6 DE MAIO LTDA - ME;AVENIDA DR MANUEL TELES,474; ;CENTRO;DUQUE DE CAXIAS;RJ;GASOLINA C COMUM;4,999;13/07/2018 14:28
8963963000100;POSTO DE GASOLINA 6 DE MAIO LTDA - ME;AVENIDA DR MANUEL TELES,474; ;CENTRO;DUQUE DE CAXIAS;RJ;ETANOL;3,499;13/07/2018 14:28
8963963000100;POSTO DE GASOLINA 6 DE MAIO LTDA - ME;AVENIDA DR MANUEL TELES,474; ;CENTRO;DUQUE DE CAXIAS;RJ;DIESEL S10;3,499;13/07/2018 14:28
9164791000321;POSTO APOLO VI;AVENIDA FLORES DA CUNHA,2097; ;VILA CACHOEIRINHA;CACHOEIRINHA;RS;GASOLINA C COMUM;4,899;24/09/2018 15:51
9164791000321;POSTO APOLO VI;AVENIDA FLORES DA CUNHA,2097; ;VILA CACHOEIRINHA;CACHOEIRINHA;RS;ETANOL;3,999;24/09/2018 15:51
9164791000321;POSTO APOLO VI;AVENIDA FLORES DA CUNHA,2097; ;VILA CACHOEIRINHA;CACHOEIRINHA;RS;DIESEL S500;3,599;24/09/2018 15:51
9164791000321;POSTO APOLO VI;AVENIDA FLORES DA CUNHA,2097; ;VILA CACHOEIRINHA;CACHOEIRINHA;RS;DIESEL S10;3,699;24/09/2018 15:51
9217206000142;AUTO POSTO PREMIUM;AVENIDA JOSE DE BRITO SOARES,1101; ;ANHANGUERA;ARAGUAINA;TO;GASOLINA C COMUM;4,79;21/06/2018 16:57
9217206000142;AUTO POSTO PREMIUM;AVENIDA JOSE DE BRITO SOARES,1101; ;ANHANGUERA;ARAGUAINA;TO;DIESEL S500;3,399;21/06/2018 16:54
9217206000142;AUTO POSTO PREMIUM;AVENIDA JOSE DE BRITO SOARES,1101; ;ANHANGUERA;ARAGUAINA;TO;DIESEL S10;3,499;21/06/2018 16:54
9296287000113;AUTO POSTO MONTANA;AVENIDA GONCALVES DIAS,3040; ;JARDIM AEROPORTO;OURO PRETO DO OESTE;RO;GASOLINA C COMUM;4,72;28/11/2018 09:49
9296287000113;AUTO POSTO MONTANA;AVENIDA GONCALVES DIAS,3040; ;JARDIM AEROPORTO;OURO PRETO DO OESTE;RO;ETANOL;4,1;28/11/2018 09:49
9296287000113;AUTO POSTO MONTANA;AVENIDA GONCALVES DIAS,3040; ;JARDIM AEROPORTO;OURO PRETO DO OESTE;RO;DIESEL S500;3,83;28/11/2018 09:49
9299516000153;AUTO POSTO AGNELO;AVENIDA ACM,544;CASA;CENTRO;CICERO DANTAS;BA;GASOLINA C COMUM;4,8;06/10/2018 10:07
9299516000153;AUTO POSTO AGNELO;AVENIDA ACM,544;CASA;CENTRO;CICERO DANTAS;BA;ETANOL;3,7;18/07/2018 10:45
9299516000153;AUTO POSTO AGNELO;AVENIDA ACM,544;CASA;CENTRO;CICERO DANTAS;BA;DIESEL S10;3,9;06/10/2018 10:07
9366602000131;AUTO POSTO GIGI;RUA PEDRO RODRIGUES,925; ;CENTRO;ITAPORA;MS;GASOLINA C COMUM;4,519;27/11/2018 18:05
9366602000131;AUTO POSTO GIGI;RUA PEDRO RODRIGUES,925; ;CENTRO;ITAPORA;MS;ETANOL;3,599;16/10/2018 09:41
9366602000131;AUTO POSTO GIGI;RUA PEDRO RODRIGUES,925; ;CENTRO;ITAPORA;MS;DIESEL S500;3,929;03/11/2018 11:22
9366602000131;AUTO POSTO GIGI;RUA PEDRO RODRIGUES,925; ;CENTRO;ITAPORA;MS;DIESEL S10;4,029;03/11/2018 11:22
9573325000138;RR AUTO SERVICE LTDA;AVENIDA RUY RODRIGUES,3871; ;PARQUE UNIVERSITARIO DE VIRACOPOS;CAMPINAS;SP;GASOLINA C COMUM;4,499;11/09/2018 11:24
9573325000138;RR AUTO SERVICE LTDA;AVENIDA RUY RODRIGUES,3871; ;PARQUE UNIVERSITARIO DE VIRACOPOS;CAMPINAS;SP;ETANOL;2,699;11/09/2018 11:24
9573325000138;RR AUTO SERVICE LTDA;AVENIDA RUY RODRIGUES,3871; ;PARQUE UNIVERSITARIO DE VIRACOPOS;CAMPINAS;SP;DIESEL S500;3,699;11/09/2018 11:24
9573325000138;RR AUTO SERVICE LTDA;AVENIDA RUY RODRIGUES,3871; ;PARQUE UNIVERSITARIO DE VIRACOPOS;CAMPINAS;SP;DIESEL S10;3,799;11/09/2018 11:24
9612655000195;POSTO SATURNO;DISTRITO DE SERROTA,S/N?; ;ZONA RURAL;SENADOR SA;CE;GASOLINA C COMUM;4,87;03/08/2018 13:26
9612655000195;POSTO SATURNO;DISTRITO DE SERROTA,S/N?; ;ZONA RURAL;SENADOR SA;CE;DIESEL S500;3,699;03/08/2018 13:26
10157722000108;ROTA 116;RUA ALEXANDRE DE GUSMAO,1455; ;ESTANCIA VELHA;CANOAS;RS;GASOLINA C COMUM;4,769;08/10/2018 16:41
10157722000108;ROTA 116;RUA ALEXANDRE DE GUSMAO,1455; ;ESTANCIA VELHA;CANOAS;RS;DIESEL S500;3,589;08/10/2018 16:41
10254592000121;POSTO DE VILLE;RUA JOAO BOSCO MARQUES DE SOUSA,556; ;GATO PRETO;SOUSA;PB;GASOLINA C COMUM;4,599;04/09/2018 09:09
10254592000121;POSTO DE VILLE;RUA JOAO BOSCO MARQUES DE SOUSA,556; ;GATO PRETO;SOUSA;PB;DIESEL S10;3,799;04/09/2018 09:09
10269693000176;AUTO POSTO PAMPA;AVENIDA PRESIDENTE VARGAS,643; ;VILA ARAUJO;PASSO FUNDO;RS;GASOLINA C COMUM;4,759;25/09/2018 08:35
10269693000176;AUTO POSTO PAMPA;AVENIDA PRESIDENTE VARGAS,643; ;VILA ARAUJO;PASSO FUNDO;RS;DIESEL S10;3,499;25/09/2018 08:35
10549635000104;AUTO POSTO COLONIAL;AVENIDA MANOEL RUZ PERES,2550; ;JARDIM HUBERT;INDAIATUBA;SP;GASOLINA C COMUM;4,599;13/09/2018 15:17
10549635000104;AUTO POSTO COLONIAL;AVENIDA MANOEL RUZ PERES,2550; ;JARDIM HUBERT;INDAIATUBA;SP;ETANOL;2,799;13/09/2018 15:17
10549635000104;AUTO POSTO COLONIAL;AVENIDA MANOEL RUZ PERES,2550; ;JARDIM HUBERT;INDAIATUBA;SP;DIESEL S10;3,599;20/09/2018 07:59
10557748000143;AUTO POSTO ROTA RADIAL LTDA;RUA PIRATININGA,1017; ;BRAS;SAO PAULO;SP;GASOLINA C COMUM;3,989;26/07/2018 20:06
10557748000143;AUTO POSTO ROTA RADIAL LTDA;RUA PIRATININGA,1017; ;BRAS;SAO PAULO;SP;ETANOL;2,249;26/07/2018 20:06
10876085000120;AUTO POSTO SAN CRISTOVAO;RUA MONTE ALEGRE,5800; ;JARDIM MAIPU;DOURADOS;MS;GASOLINA C COMUM;4,299;12/07/2018 17:28
10876085000120;AUTO POSTO SAN CRISTOVAO;RUA MONTE ALEGRE,5800; ;JARDIM MAIPU;DOURADOS;MS;ETANOL;2,999;12/07/2018 17:28
10876085000120;AUTO POSTO SAN CRISTOVAO;RUA MONTE ALEGRE,5800; ;JARDIM MAIPU;DOURADOS;MS;DIESEL S500;3,399;12/07/2018 17:28
10876085000120;AUTO POSTO SAN CRISTOVAO;RUA MONTE ALEGRE,5800; ;JARDIM MAIPU;DOURADOS;MS;DIESEL S10;3,499;12/07/2018 17:28
11000641000162;AUTO POSTO TITAN;AVENIDA DUDU FERRAZ,1110; ;JARDIM SANTA ROSA;JAU;SP;GASOLINA C COMUM;4,049;08/08/2018 15:00
11000641000162;AUTO POSTO TITAN;AVENIDA DUDU FERRAZ,1110; ;JARDIM SANTA ROSA;JAU;SP;ETANOL;2,189;08/08/2018 15:00
11000641000162;AUTO POSTO TITAN;AVENIDA DUDU FERRAZ,1110; ;JARDIM SANTA ROSA;JAU;SP;DIESEL S500;3,129;08/08/2018 15:00
11000641000162;AUTO POSTO TITAN;AVENIDA DUDU FERRAZ,1110; ;JARDIM SANTA ROSA;JAU;SP;DIESEL S10;3,239;08/08/2018 15:00
11300950000158;AUTO POSTO JF;AVENIDA JOAO DOMICIANO DA COSTA,902; ;CENTRO;ANDRADAS;MG;GASOLINA C COMUM;4,69;27/11/2018 12:17
11300950000158;AUTO POSTO JF;AVENIDA JOAO DOMICIANO DA COSTA,902; ;CENTRO;ANDRADAS;MG;ETANOL;2,879;22/11/2018 12:17
11300950000158;AUTO POSTO JF;AVENIDA JOAO DOMICIANO DA COSTA,902; ;CENTRO;ANDRADAS;MG;DIESEL S500;3,699;01/11/2018 16:53
11300950000158;AUTO POSTO JF;AVENIDA JOAO DOMICIANO DA COSTA,902; ;CENTRO;ANDRADAS;MG;DIESEL S10;3,749;01/11/2018 16:53
11307599000127;AUTO POSTO AEROPORTO DE UBATUBA LTDA.;AVENIDA ANTONIO CARLOS RIBEIRO,0; ;CENTRO;UBATUBA;SP;GASOLINA C COMUM;4,449;17/11/2018 13:58
11307599000127;AUTO POSTO AEROPORTO DE UBATUBA LTDA.;AVENIDA ANTONIO CARLOS RIBEIRO,0; ;CENTRO;UBATUBA;SP;ETANOL;2,849;17/11/2018 13:58
11307599000127;AUTO POSTO AEROPORTO DE UBATUBA LTDA.;AVENIDA ANTONIO CARLOS RIBEIRO,0; ;CENTRO;UBATUBA;SP;DIESEL S10;3,77;22/10/2018 09:59
11372676000122;CAMPOS DO JORDAO AUTO POSTO LTDA.;AVENIDA FREI ORESTES GIRARDI,2057; ;VILA ABERNESIA;CAMPOS DO JORDAO;SP;GASOLINA C COMUM;4,549;17/11/2018 13:31
11372676000122;CAMPOS DO JORDAO AUTO POSTO LTDA.;AVENIDA FREI ORESTES GIRARDI,2057; ;VILA ABERNESIA;CAMPOS DO JORDAO;SP;ETANOL;2,949;17/11/2018 13:31
11372676000122;CAMPOS DO JORDAO AUTO POSTO LTDA.;AVENIDA FREI ORESTES GIRARDI,2057; ;VILA ABERNESIA;CAMPOS DO JORDAO;SP;DIESEL S500;3,659;17/11/2018 13:31
11372676000122;CAMPOS DO JORDAO AUTO POSTO LTDA.;AVENIDA FREI ORESTES GIRARDI,2057; ;VILA ABERNESIA;CAMPOS DO JORDAO;SP;DIESEL S10;3,699;17/11/2018 13:31
11388834000132;AUTO POSTO MONTANA;AVENIDA XV DE NOVEMBRO,1071; ;UNIAO;OURO PRETO DO OESTE;RO;GASOLINA C COMUM;4,72;27/11/2018 10:06
11388834000132;AUTO POSTO MONTANA;AVENIDA XV DE NOVEMBRO,1071; ;UNIAO;OURO PRETO DO OESTE;RO;DIESEL S500;3,83;27/11/2018 10:06
11388834000132;AUTO POSTO MONTANA;AVENIDA XV DE NOVEMBRO,1071; ;UNIAO;OURO PRETO DO OESTE;RO;DIESEL S10;3,93;27/11/2018 10:06
11440349000160;POSTO SERRANO;AVENIDA CHANCELER OSVALDO ARANHA,704; ;JOSE CONRADO DE ARAUJO;ARACAJU;SE;GASOLINA C COMUM;4,799;05/11/2018 11:08
11440349000160;POSTO SERRANO;AVENIDA CHANCELER OSVALDO ARANHA,704; ;JOSE CONRADO DE ARAUJO;ARACAJU;SE;ETANOL;3,399;05/11/2018 11:08
11440349000160;POSTO SERRANO;AVENIDA CHANCELER OSVALDO ARANHA,704; ;JOSE CONRADO DE ARAUJO;ARACAJU;SE;DIESEL S500;3,859;10/09/2018 08:58
11440349000160;POSTO SERRANO;AVENIDA CHANCELER OSVALDO ARANHA,704; ;JOSE CONRADO DE ARAUJO;ARACAJU;SE;DIESEL S10;3,799;10/09/2018 08:58
11643823000151;POSTO MARCON;AVENIDA GETULIO DORNELLES VARGAS,2404;N;PASSO DOS FORTES;CHAPECO;SC;GASOLINA C COMUM;4,449;25/09/2018 09:07
11643823000151;POSTO MARCON;AVENIDA GETULIO DORNELLES VARGAS,2404;N;PASSO DOS FORTES;CHAPECO;SC;DIESEL S500;3,399;25/09/2018 09:07
11643823000151;POSTO MARCON;AVENIDA GETULIO DORNELLES VARGAS,2404;N;PASSO DOS FORTES;CHAPECO;SC;DIESEL S10;3,469;25/09/2018 09:07
12031541000166;POSTO HS;RUA JOSE ABEL DE ALMEIDA,SN;LT 02;SETOR RODOVIARIO II;ESTRELA DO NORTE;GO;GASOLINA C COMUM;499;12/11/2018 13:46
12031541000166;POSTO HS;RUA JOSE ABEL DE ALMEIDA,SN;LT 02;SETOR RODOVIARIO II;ESTRELA DO NORTE;GO;ETANOL;3,24;12/11/2018 13:46
12031541000166;POSTO HS;RUA JOSE ABEL DE ALMEIDA,SN;LT 02;SETOR RODOVIARIO II;ESTRELA DO NORTE;GO;DIESEL S500;3,99;12/11/2018 13:47
12031541000166;POSTO HS;RUA JOSE ABEL DE ALMEIDA,SN;LT 02;SETOR RODOVIARIO II;ESTRELA DO NORTE;GO;DIESEL S10;4,077;12/11/2018 13:47
12119665000106;POSTO LEAL;AVENIDA 31 DE MARCO,15; ;CENTRO;BARREIRINHAS;MA;GASOLINA C COMUM;4,73;28/06/2018 14:37
12119665000106;POSTO LEAL;AVENIDA 31 DE MARCO,15; ;CENTRO;BARREIRINHAS;MA;DIESEL S500;3,647;28/06/2018 14:37
12119665000106;POSTO LEAL;AVENIDA 31 DE MARCO,15; ;CENTRO;BARREIRINHAS;MA;DIESEL S10;3,715;28/06/2018 14:37
12119665000289;LEAL COMERCIALIZACAO DE DERIVADOS DE PETROLEO LTDA;RUA ANACLETO DE CARVALHO,260; ;CRUZEIRO;BARREIRINHAS;MA;GASOLINA C COMUM;4,65;05/07/2018 15:36
13047383000103;SF COMERCIO DE COMBUSTIVEIS LTDA.;RUA PORTAO,3890; ;LAGO AZUL;ESTANCIA VELHA;RS;GASOLINA C COMUM;4,599;14/07/2018 10:18
13047383000103;SF COMERCIO DE COMBUSTIVEIS LTDA.;RUA PORTAO,3890; ;LAGO AZUL;ESTANCIA VELHA;RS;DIESEL S500;3,199;14/07/2018 10:18
13047383000103;SF COMERCIO DE COMBUSTIVEIS LTDA.;RUA PORTAO,3890; ;LAGO AZUL;ESTANCIA VELHA;RS;DIESEL S10;3,299;14/07/2018 10:18
13051606000106;AUTO POSTO 2 IRMAOS;AVENIDA AYRTON SENNA,850; ;SETOR 09;BURITIS;RO;DIESEL S500;3,62;20/07/2018 17:18
13051606000106;AUTO POSTO 2 IRMAOS;AVENIDA AYRTON SENNA,850; ;SETOR 09;BURITIS;RO;DIESEL S10;3,72;20/07/2018 17:18
13170895000154;AUTO POSTO UNIAO;RUA 21,S/N;QUADRA 40                 LOTE  13/14;CENTRO;EDEALINA;GO;GASOLINA C COMUM;4,799;04/10/2018 09:09
13170895000154;AUTO POSTO UNIAO;RUA 21,S/N;QUADRA 40                 LOTE  13/14;CENTRO;EDEALINA;GO;ETANOL;2,879;04/10/2018 09:09
13170895000154;AUTO POSTO UNIAO;RUA 21,S/N;QUADRA 40                 LOTE  13/14;CENTRO;EDEALINA;GO;DIESEL S500;3,699;04/10/2018 09:09
13170895000154;AUTO POSTO UNIAO;RUA 21,S/N;QUADRA 40                 LOTE  13/14;CENTRO;EDEALINA;GO;DIESEL S10;3,799;04/10/2018 09:09
13250823000117;AUTO POSTO DALTIBA;AVENIDA TANCREDO NEVES,1163;ESQUINA C/ AV. CAPITAO SILVIO;SETOR 01;ARIQUEMES;RO;GASOLINA C COMUM;3,65;04/07/2018 15:14
13250823000117;AUTO POSTO DALTIBA;AVENIDA TANCREDO NEVES,1163;ESQUINA C/ AV. CAPITAO SILVIO;SETOR 01;ARIQUEMES;RO;DIESEL S500;3,627;04/07/2018 15:14
13250823000117;AUTO POSTO DALTIBA;AVENIDA TANCREDO NEVES,1163;ESQUINA C/ AV. CAPITAO SILVIO;SETOR 01;ARIQUEMES;RO;DIESEL S10;3,661;04/07/2018 15:14
13379724000130;REDE 020;RODOVIA BR 020,S/N;KM     30,9;DISTRITO DO BEZERRA;FORMOSA;GO;GASOLINA C COMUM;4,599;26/11/2018 17:24
13379724000130;REDE 020;RODOVIA BR 020,S/N;KM     30,9;DISTRITO DO BEZERRA;FORMOSA;GO;ETANOL;2,969;21/11/2018 11:08
13379724000130;REDE 020;RODOVIA BR 020,S/N;KM     30,9;DISTRITO DO BEZERRA;FORMOSA;GO;DIESEL S500;3,629;03/11/2018 13:28
13379724000130;REDE 020;RODOVIA BR 020,S/N;KM     30,9;DISTRITO DO BEZERRA;FORMOSA;GO;DIESEL S10;3,684;03/11/2018 13:28
13635049000162;POSTO TITAN DE CORBELIA LTDA.;RODOVIA BR 369,S/N;KM 478;OURO VERDE DO PIQUIRI;CORBELIA;PR;GASOLINA C COMUM;4,09;07/08/2018 15:55
13635049000162;POSTO TITAN DE CORBELIA LTDA.;RODOVIA BR 369,S/N;KM 478;OURO VERDE DO PIQUIRI;CORBELIA;PR;ETANOL;2,49;07/08/2018 15:55
13635049000162;POSTO TITAN DE CORBELIA LTDA.;RODOVIA BR 369,S/N;KM 478;OURO VERDE DO PIQUIRI;CORBELIA;PR;DIESEL S500;3,06;07/08/2018 15:55
13781754000178;POSTOS ARCO VERDE;AVENIDA PILOTO PEREIRA TIM,1762;ANEXO A;MONTE CASTELO;PARNAMIRIM;RN;GASOLINA C COMUM;4,769;29/07/2018 20:26
13781754000178;POSTOS ARCO VERDE;AVENIDA PILOTO PEREIRA TIM,1762;ANEXO A;MONTE CASTELO;PARNAMIRIM;RN;ETANOL;3,599;29/07/2018 20:26
13781754000178;POSTOS ARCO VERDE;AVENIDA PILOTO PEREIRA TIM,1762;ANEXO A;MONTE CASTELO;PARNAMIRIM;RN;DIESEL S500;3,47;29/07/2018 20:26
13781754000178;POSTOS ARCO VERDE;AVENIDA PILOTO PEREIRA TIM,1762;ANEXO A;MONTE CASTELO;PARNAMIRIM;RN;DIESEL S10;3,59;29/07/2018 20:26
14167819000152;AUTO POSTO MARQUES;RODOVIA BR 364,S/N;KM 421;JARDIM BELA VISTA;JARU;RO;GASOLINA C COMUM;4,579;03/07/2018 15:38
14167819000152;AUTO POSTO MARQUES;RODOVIA BR 364,S/N;KM 421;JARDIM BELA VISTA;JARU;RO;ETANOL;3,999;03/07/2018 15:38
14167819000152;AUTO POSTO MARQUES;RODOVIA BR 364,S/N;KM 421;JARDIM BELA VISTA;JARU;RO;DIESEL S500;3,549;03/07/2018 15:38
14167819000152;AUTO POSTO MARQUES;RODOVIA BR 364,S/N;KM 421;JARDIM BELA VISTA;JARU;RO;DIESEL S10;3,599;03/07/2018 15:38
14229920000190;POSTO TITAN CAFELANDIA;AVENIDA MARECHAL LOTT,  ESQ. DEP. ANTONIO LUSTOSA,1475; ;CENTRO;CAFELANDIA;PR;GASOLINA C COMUM;4,219;07/08/2018 16:02
14229920000190;POSTO TITAN CAFELANDIA;AVENIDA MARECHAL LOTT,  ESQ. DEP. ANTONIO LUSTOSA,1475; ;CENTRO;CAFELANDIA;PR;ETANOL;2,699;07/08/2018 16:02
14229920000190;POSTO TITAN CAFELANDIA;AVENIDA MARECHAL LOTT,  ESQ. DEP. ANTONIO LUSTOSA,1475; ;CENTRO;CAFELANDIA;PR;DIESEL S500;3,089;07/08/2018 16:02
14229920000190;POSTO TITAN CAFELANDIA;AVENIDA MARECHAL LOTT,  ESQ. DEP. ANTONIO LUSTOSA,1475; ;CENTRO;CAFELANDIA;PR;DIESEL S10;3,139;07/08/2018 16:02
14967901000161;POSTO NELCI MARIA LOCATELLI E CIA LTDA;AVENIDA TAMANDARE,1572; ;VILA ALTO SUMARE;CAMPO GRANDE;MS;GASOLINA C COMUM;4,09;28/06/2018 16:02
14967901000161;POSTO NELCI MARIA LOCATELLI E CIA LTDA;AVENIDA TAMANDARE,1572; ;VILA ALTO SUMARE;CAMPO GRANDE;MS;ETANOL;3,197;28/06/2018 16:02
14967901000161;POSTO NELCI MARIA LOCATELLI E CIA LTDA;AVENIDA TAMANDARE,1572; ;VILA ALTO SUMARE;CAMPO GRANDE;MS;DIESEL S10;3,497;28/06/2018 16:02
15011160000103;POSTO XINGU;AVENIDA SANTANA,75; ;SANTANA;VARGINHA;MG;GASOLINA C COMUM;4,848;08/10/2018 13:48
15011160000103;POSTO XINGU;AVENIDA SANTANA,75; ;SANTANA;VARGINHA;MG;ETANOL;2,948;08/10/2018 13:48
15011160000103;POSTO XINGU;AVENIDA SANTANA,75; ;SANTANA;VARGINHA;MG;DIESEL S500;3,656;08/10/2018 13:48
15011160000103;POSTO XINGU;AVENIDA SANTANA,75; ;SANTANA;VARGINHA;MG;DIESEL S10;3,789;08/10/2018 13:48
15203666000114;AUTO POSTO DINALO E IBRAHIM LTDA;AVENIDA LUCAS NOGUEIRA GARCEZ,370; ;JARDIM ESTELA;POA;SP;GASOLINA C COMUM;4,499;16/08/2018 10:49
15203666000114;AUTO POSTO DINALO E IBRAHIM LTDA;AVENIDA LUCAS NOGUEIRA GARCEZ,370; ;JARDIM ESTELA;POA;SP;ETANOL;2,599;16/08/2018 10:49
15203666000114;AUTO POSTO DINALO E IBRAHIM LTDA;AVENIDA LUCAS NOGUEIRA GARCEZ,370; ;JARDIM ESTELA;POA;SP;DIESEL S10;3,499;16/08/2018 10:49
15286573000109;POSTO SANTIAGO;RUA HELENO DE ANDRADE,1154; ;SETOR 3;BURITIS;RO;GASOLINA C COMUM;4,017;27/11/2018 12:57
15286573000109;POSTO SANTIAGO;RUA HELENO DE ANDRADE,1154; ;SETOR 3;BURITIS;RO;DIESEL S500;3,35;27/11/2018 12:57
15286573000109;POSTO SANTIAGO;RUA HELENO DE ANDRADE,1154; ;SETOR 3;BURITIS;RO;DIESEL S10;3,45;27/11/2018 12:57
15388267000337;POSTO JOIA;RUA BARAO DO RIO BRANCO,347; ;CENTRO;MIRANDA;MS;GASOLINA C COMUM;4,7;22/11/2018 16:46
15388267000337;POSTO JOIA;RUA BARAO DO RIO BRANCO,347; ;CENTRO;MIRANDA;MS;ETANOL;3,68;22/11/2018 16:46
15388267000337;POSTO JOIA;RUA BARAO DO RIO BRANCO,347; ;CENTRO;MIRANDA;MS;DIESEL S500;3,84;22/11/2018 16:46
15388267000337;POSTO JOIA;RUA BARAO DO RIO BRANCO,347; ;CENTRO;MIRANDA;MS;DIESEL S10;3,95;22/11/2018 16:46
15619911000179;SSJT SERVICO DE AUTO POSTO LTDA;RUA MARECHAL RONDON,113; ;VILA BRASILEIRA;ASSIS;SP;GASOLINA C COMUM;4,199;12/11/2018 16:46
15619911000179;SSJT SERVICO DE AUTO POSTO LTDA;RUA MARECHAL RONDON,113; ;VILA BRASILEIRA;ASSIS;SP;ETANOL;2,599;12/11/2018 16:46
15619911000179;SSJT SERVICO DE AUTO POSTO LTDA;RUA MARECHAL RONDON,113; ;VILA BRASILEIRA;ASSIS;SP;DIESEL S10;3,459;12/11/2018 16:46
15896509000131;POSTO FORTALEZA;AVENIDA MARECHAL RONDON C/22 DE NOVEMBRO,1582; ;DOIS DE ABRIL;JI-PARANA;RO;GASOLINA C COMUM;4,769;28/06/2018 12:59
15896509000131;POSTO FORTALEZA;AVENIDA MARECHAL RONDON C/22 DE NOVEMBRO,1582; ;DOIS DE ABRIL;JI-PARANA;RO;ETANOL;3,999;28/06/2018 12:59
15896509000131;POSTO FORTALEZA;AVENIDA MARECHAL RONDON C/22 DE NOVEMBRO,1582; ;DOIS DE ABRIL;JI-PARANA;RO;DIESEL S500;3,629;28/06/2018 12:59
15896509000131;POSTO FORTALEZA;AVENIDA MARECHAL RONDON C/22 DE NOVEMBRO,1582; ;DOIS DE ABRIL;JI-PARANA;RO;DIESEL S10;3,689;28/06/2018 12:59
16045015000106;POSTO TERERE;AVENIDA AFONSO PENA,5264; ;CHACARA CACHOEIRA;CAMPO GRANDE;MS;GASOLINA C COMUM;4,296;05/11/2018 13:55
16045015000106;POSTO TERERE;AVENIDA AFONSO PENA,5264; ;CHACARA CACHOEIRA;CAMPO GRANDE;MS;ETANOL;3,356;05/11/2018 13:55
16045015000106;POSTO TERERE;AVENIDA AFONSO PENA,5264; ;CHACARA CACHOEIRA;CAMPO GRANDE;MS;DIESEL S10;3,736;05/11/2018 13:55
16808529000176;POSTO REZENDE;RUA BENJAMIN CONSTANT,461; ;ESPLANADA;ARACUAI;MG;GASOLINA C COMUM;5,48;15/10/2018 15:43
16808529000176;POSTO REZENDE;RUA BENJAMIN CONSTANT,461; ;ESPLANADA;ARACUAI;MG;ETANOL;3,48;15/10/2018 15:43
16808529000176;POSTO REZENDE;RUA BENJAMIN CONSTANT,461; ;ESPLANADA;ARACUAI;MG;DIESEL S500;4,07;15/10/2018 15:43
16909633000157;POSTOS ARCO VERDE;ESTRADA DE VERA CRUZ,S/N;LOTE  V DOS COQUEIROS I A       9-3;ZONA DE EXPANCAO;SAO JOSE DE MIPIBU;RN;GASOLINA C COMUM;4,33;17/07/2018 11:19
16909633000157;POSTOS ARCO VERDE;ESTRADA DE VERA CRUZ,S/N;LOTE  V DOS COQUEIROS I A       9-3;ZONA DE EXPANCAO;SAO JOSE DE MIPIBU;RN;ETANOL;3,59;17/07/2018 11:19
16909633000157;POSTOS ARCO VERDE;ESTRADA DE VERA CRUZ,S/N;LOTE  V DOS COQUEIROS I A       9-3;ZONA DE EXPANCAO;SAO JOSE DE MIPIBU;RN;DIESEL S500;3,38;17/07/2018 11:19
16909633000157;POSTOS ARCO VERDE;ESTRADA DE VERA CRUZ,S/N;LOTE  V DOS COQUEIROS I A       9-3;ZONA DE EXPANCAO;SAO JOSE DE MIPIBU;RN;DIESEL S10;3,48;17/07/2018 11:19
17071865000141;AUTO POSTO TITAN SAPOPEMBA;AVENIDA SAPOPEMBA,7046; ;SAPOPEMBA;SAO PAULO;SP;GASOLINA C COMUM;3,999;08/08/2018 15:24
17071865000141;AUTO POSTO TITAN SAPOPEMBA;AVENIDA SAPOPEMBA,7046; ;SAPOPEMBA;SAO PAULO;SP;ETANOL;2,299;08/08/2018 15:24
17071865000141;AUTO POSTO TITAN SAPOPEMBA;AVENIDA SAPOPEMBA,7046; ;SAPOPEMBA;SAO PAULO;SP;DIESEL S10;3,189;08/08/2018 15:24
17112586000189;POSTO LARANJAL;AVENIDA ADOLFO FETTER,1997; ;RECANTO DE PORTUGAL;PELOTAS;RS;GASOLINA C COMUM;4,799;24/07/2018 19:41
17112586000189;POSTO LARANJAL;AVENIDA ADOLFO FETTER,1997; ;RECANTO DE PORTUGAL;PELOTAS;RS;ETANOL;3,999;24/07/2018 19:41
17112586000189;POSTO LARANJAL;AVENIDA ADOLFO FETTER,1997; ;RECANTO DE PORTUGAL;PELOTAS;RS;DIESEL S500;3,399;24/07/2018 19:41
17305026000140;OASIS COMBUSTIVEIS LTDA;RODOVIA BR 101,S/N;KM 80               LOJA  02;IBITIOCA;CAMPOS DOS GOYTACAZES;RJ;GASOLINA C COMUM;5,199;03/07/2018 17:17
17305026000140;OASIS COMBUSTIVEIS LTDA;RODOVIA BR 101,S/N;KM 80               LOJA  02;IBITIOCA;CAMPOS DOS GOYTACAZES;RJ;ETANOL;3,799;03/07/2018 17:17
17305026000140;OASIS COMBUSTIVEIS LTDA;RODOVIA BR 101,S/N;KM 80               LOJA  02;IBITIOCA;CAMPOS DOS GOYTACAZES;RJ;GNV;5,099;03/07/2018 17:17
17305026000140;OASIS COMBUSTIVEIS LTDA;RODOVIA BR 101,S/N;KM 80               LOJA  02;IBITIOCA;CAMPOS DOS GOYTACAZES;RJ;DIESEL S500;3,589;03/07/2018 17:17
17305026000140;OASIS COMBUSTIVEIS LTDA;RODOVIA BR 101,S/N;KM 80               LOJA  02;IBITIOCA;CAMPOS DOS GOYTACAZES;RJ;DIESEL S10;3,639;03/07/2018 17:17
17962000000175;CUPECE COMERCIO VAREJISTA DE COMBUSTIVEIS EIRELI;AVENIDA CUPECE,5810; ;JARDIM PRUDENCIA;SAO PAULO;SP;GASOLINA C COMUM;4,399;18/09/2018 12:11
17962000000175;CUPECE COMERCIO VAREJISTA DE COMBUSTIVEIS EIRELI;AVENIDA CUPECE,5810; ;JARDIM PRUDENCIA;SAO PAULO;SP;ETANOL;2,499;18/09/2018 12:11
17962000000175;CUPECE COMERCIO VAREJISTA DE COMBUSTIVEIS EIRELI;AVENIDA CUPECE,5810; ;JARDIM PRUDENCIA;SAO PAULO;SP;DIESEL S10;3,499;18/09/2018 12:11
18590664000113;A1 COMBUSTIVEIS;AVENIDA PRESIDENTE VARGAS,357; ;SETOR IMPERIAL;GOIATUBA;GO;GASOLINA C COMUM;4,49;25/07/2018 11:18
18590664000113;A1 COMBUSTIVEIS;AVENIDA PRESIDENTE VARGAS,357; ;SETOR IMPERIAL;GOIATUBA;GO;ETANOL;2,65;25/07/2018 11:18
18590664000113;A1 COMBUSTIVEIS;AVENIDA PRESIDENTE VARGAS,357; ;SETOR IMPERIAL;GOIATUBA;GO;DIESEL S500;3,399;25/07/2018 11:18
18590664000113;A1 COMBUSTIVEIS;AVENIDA PRESIDENTE VARGAS,357; ;SETOR IMPERIAL;GOIATUBA;GO;DIESEL S10;3,5;25/07/2018 11:18
18974530000104;CAMINHO DO MAR AUTO POSTO LTDA;AVENIDA CAMINHO DO MAR,2965; ;RUDGE RAMOS;SAO BERNARDO DO CAMPO;SP;GASOLINA C COMUM;4,299;17/11/2018 14:47
18974530000104;CAMINHO DO MAR AUTO POSTO LTDA;AVENIDA CAMINHO DO MAR,2965; ;RUDGE RAMOS;SAO BERNARDO DO CAMPO;SP;ETANOL;2,699;17/11/2018 14:47
18974530000104;CAMINHO DO MAR AUTO POSTO LTDA;AVENIDA CAMINHO DO MAR,2965; ;RUDGE RAMOS;SAO BERNARDO DO CAMPO;SP;DIESEL S10;3,649;22/10/2018 10:19
19079066000147;G20;RUA DO GLICERIO,498;TERREO;LIBERDADE;SAO PAULO;SP;GASOLINA C COMUM;3,999;26/07/2018 19:38
19079066000147;G20;RUA DO GLICERIO,498;TERREO;LIBERDADE;SAO PAULO;SP;ETANOL;2,349;26/07/2018 19:38
19292157000166;VALTER GAVASSA COMBUSTIVEIS LTDA;AVENIDA AFIF JOSE ABDO,37; ;RESIDENCIAL PORTAL DA PEROLA II;BIRIGUI;SP;GNV;1;11/10/2018 17:15
19292157000166;VALTER GAVASSA COMBUSTIVEIS LTDA;AVENIDA AFIF JOSE ABDO,37; ;RESIDENCIAL PORTAL DA PEROLA II;BIRIGUI;SP;GASOLINA C COMUM;4,799;11/10/2018 17:18
19292157000166;VALTER GAVASSA COMBUSTIVEIS LTDA;AVENIDA AFIF JOSE ABDO,37; ;RESIDENCIAL PORTAL DA PEROLA II;BIRIGUI;SP;ETANOL;2,799;11/10/2018 17:18
19292157000166;VALTER GAVASSA COMBUSTIVEIS LTDA;AVENIDA AFIF JOSE ABDO,37; ;RESIDENCIAL PORTAL DA PEROLA II;BIRIGUI;SP;DIESEL S500;3,799;11/10/2018 17:19
19292157000166;VALTER GAVASSA COMBUSTIVEIS LTDA;AVENIDA AFIF JOSE ABDO,37; ;RESIDENCIAL PORTAL DA PEROLA II;BIRIGUI;SP;DIESEL S10;3,899;11/10/2018 17:19
19520321000145;GOL AUTO POSTO;AVENIDA AYRTON SENNA,1025; ;SETOR 3;BURITIS;RO;DIESEL S500;3,62;06/07/2018 13:14
19520321000145;GOL AUTO POSTO;AVENIDA AYRTON SENNA,1025; ;SETOR 3;BURITIS;RO;DIESEL S10;3,72;06/07/2018 13:14
19520321000145;GOL AUTO POSTO;AVENIDA AYRTON SENNA,1025; ;SETOR 3;BURITIS;RO;GASOLINA C COMUM;4,81;06/07/2018 13:14
19520321000145;GOL AUTO POSTO;AVENIDA AYRTON SENNA,1025; ;SETOR 3;BURITIS;RO;ETANOL;4,16;06/07/2018 13:14
19953346000132;POROROCA AUTO POSTO IV;AVENIDA EURICO SOARES ANDRADE,1071; ;CENTRO;NOVA ANDRADINA;MS;GASOLINA C COMUM;4,19;27/07/2018 11:04
19953346000132;POROROCA AUTO POSTO IV;AVENIDA EURICO SOARES ANDRADE,1071; ;CENTRO;NOVA ANDRADINA;MS;ETANOL;2,99;16/07/2018 12:17
19953346000132;POROROCA AUTO POSTO IV;AVENIDA EURICO SOARES ANDRADE,1071; ;CENTRO;NOVA ANDRADINA;MS;DIESEL S500;3,39;16/07/2018 12:17
19953346000132;POROROCA AUTO POSTO IV;AVENIDA EURICO SOARES ANDRADE,1071; ;CENTRO;NOVA ANDRADINA;MS;DIESEL S10;3,49;16/07/2018 12:17
20630766000167;POSTO MAX;ACESSO PLINIO ARLINDO DE NES,3821;D;BELVEDERE;CHAPECO;SC;GASOLINA C COMUM;4,399;25/09/2018 08:43
20630766000167;POSTO MAX;ACESSO PLINIO ARLINDO DE NES,3821;D;BELVEDERE;CHAPECO;SC;DIESEL S500;3,399;25/09/2018 08:43
20630766000167;POSTO MAX;ACESSO PLINIO ARLINDO DE NES,3821;D;BELVEDERE;CHAPECO;SC;DIESEL S10;3,469;25/09/2018 08:43
20630766000248;AUTO POSTO IMPERIAL;RODOVIA SC 355,2010;KM 55;DOIS PINHEIROS;VIDEIRA;SC;GASOLINA C COMUM;4,399;25/09/2018 08:54
20630766000248;AUTO POSTO IMPERIAL;RODOVIA SC 355,2010;KM 55;DOIS PINHEIROS;VIDEIRA;SC;DIESEL S10;3,499;25/09/2018 08:54
21205041000194;POSTO ROTTAVA;AVENIDA PINHEIRO MACHADO,5826; ;IGARAPE;PORTO VELHO;RO;GASOLINA C COMUM;4,219;28/11/2018 10:58
21205041000194;POSTO ROTTAVA;AVENIDA PINHEIRO MACHADO,5826; ;IGARAPE;PORTO VELHO;RO;DIESEL S500;3,759;28/11/2018 10:58
21205041000194;POSTO ROTTAVA;AVENIDA PINHEIRO MACHADO,5826; ;IGARAPE;PORTO VELHO;RO;DIESEL S10;3,859;28/11/2018 10:58
21298404000183;POSTOS ARCO VERDE;RUA ROSA FERNANDES SILVA,355; ;NOVA ESPERANCA;PARNAMIRIM;RN;GASOLINA C COMUM;4,769;29/07/2018 20:22
21298404000183;POSTOS ARCO VERDE;RUA ROSA FERNANDES SILVA,355; ;NOVA ESPERANCA;PARNAMIRIM;RN;ETANOL;3,599;29/07/2018 20:22
21298404000183;POSTOS ARCO VERDE;RUA ROSA FERNANDES SILVA,355; ;NOVA ESPERANCA;PARNAMIRIM;RN;DIESEL S500;3,47;29/07/2018 20:22
21298404000183;POSTOS ARCO VERDE;RUA ROSA FERNANDES SILVA,355; ;NOVA ESPERANCA;PARNAMIRIM;RN;DIESEL S10;3,599;29/07/2018 20:22
22623880000195;AUTO POSTO DELABRANTE LTDA;RUA SALDANHA MARINHO,1174; ;CENTRO;GUARAPUAVA;PR;GASOLINA C COMUM;4,52;24/09/2018 16:03
22623880000195;AUTO POSTO DELABRANTE LTDA;RUA SALDANHA MARINHO,1174; ;CENTRO;GUARAPUAVA;PR;ETANOL;2,92;24/09/2018 16:03
22623880000195;AUTO POSTO DELABRANTE LTDA;RUA SALDANHA MARINHO,1174; ;CENTRO;GUARAPUAVA;PR;DIESEL S10;3,39;24/09/2018 16:03
22955868000188;POSTO CASCAO;AVENIDA TANCREDO NEVES,120; ;COHAB;TUCURUI;PA;GASOLINA C COMUM;5,17;08/10/2018 16:59
22955868000188;POSTO CASCAO;AVENIDA TANCREDO NEVES,120; ;COHAB;TUCURUI;PA;DIESEL S500;4,14;08/10/2018 16:59
22955868000188;POSTO CASCAO;AVENIDA TANCREDO NEVES,120; ;COHAB;TUCURUI;PA;DIESEL S10;4,16;08/10/2018 16:59
23830523000160;AUTO POSTO CAMPECHE EIRELI;RODOVIA FRANCISCO MAGNO VIEIRA,3.950; ;CAMPECHE;FLORIANOPOLIS;SC;GASOLINA C COMUM;4,199;18/07/2018 17:49
23830523000160;AUTO POSTO CAMPECHE EIRELI;RODOVIA FRANCISCO MAGNO VIEIRA,3.950; ;CAMPECHE;FLORIANOPOLIS;SC;DIESEL S10;3,299;18/07/2018 17:49
23859521000102;AUTO POSTO COLOSSAL MERCES LTDA;RUA MARTIM AFONSO,700; ;MERCES;CURITIBA;PR;GASOLINA C COMUM;4,199;19/11/2018 15:40
23859521000102;AUTO POSTO COLOSSAL MERCES LTDA;RUA MARTIM AFONSO,700; ;MERCES;CURITIBA;PR;ETANOL;2,899;19/11/2018 15:40
23859521000102;AUTO POSTO COLOSSAL MERCES LTDA;RUA MARTIM AFONSO,700; ;MERCES;CURITIBA;PR;DIESEL S10;3,499;19/11/2018 15:40
24601882000109;POSTO KATIA LOCATELLI;RUA CEARA,1661; ;VILA CELIA;CAMPO GRANDE;MS;GASOLINA C COMUM;4,057;23/07/2018 15:59
24601882000109;POSTO KATIA LOCATELLI;RUA CEARA,1661; ;VILA CELIA;CAMPO GRANDE;MS;ETANOL;2,997;23/07/2018 15:59
24601882000109;POSTO KATIA LOCATELLI;RUA CEARA,1661; ;VILA CELIA;CAMPO GRANDE;MS;DIESEL S10;3,497;23/07/2018 15:59
24610891000166;POSTO CAMPO GRANDE;AVENIDA CAPIBARIBE,327; ;SILVIA REGINA;CAMPO GRANDE;MS;GASOLINA C COMUM;4,089;29/06/2018 18:31
24610891000166;POSTO CAMPO GRANDE;AVENIDA CAPIBARIBE,327; ;SILVIA REGINA;CAMPO GRANDE;MS;ETANOL;3,299;29/06/2018 18:31
24610891000166;POSTO CAMPO GRANDE;AVENIDA CAPIBARIBE,327; ;SILVIA REGINA;CAMPO GRANDE;MS;DIESEL S500;3,429;29/06/2018 18:31
24610891000166;POSTO CAMPO GRANDE;AVENIDA CAPIBARIBE,327; ;SILVIA REGINA;CAMPO GRANDE;MS;DIESEL S10;3,499;29/06/2018 18:31
24624785000131;POSTINHO;AVENIDA DO POETA,990; ;DO DESBARRANCADO;CAMPO GRANDE;MS;GASOLINA C COMUM;4,199;27/11/2018 17:28
24624785000131;POSTINHO;AVENIDA DO POETA,990; ;DO DESBARRANCADO;CAMPO GRANDE;MS;ETANOL;3,299;25/10/2018 18:50
24624785000131;POSTINHO;AVENIDA DO POETA,990; ;DO DESBARRANCADO;CAMPO GRANDE;MS;DIESEL S500;3,699;08/11/2018 09:35
24624785000131;POSTINHO;AVENIDA DO POETA,990; ;DO DESBARRANCADO;CAMPO GRANDE;MS;DIESEL S10;3,749;08/11/2018 09:35
24725400000122;POSTO CORONEL;RODOVIA MT 320 KM 33,S/N; ;ZONA RURAL;COLIDER;MT;GASOLINA C COMUM;4,92;15/08/2018 09:15
24725400000122;POSTO CORONEL;RODOVIA MT 320 KM 33,S/N; ;ZONA RURAL;COLIDER;MT;ETANOL;2,97;15/08/2018 09:15
24725400000122;POSTO CORONEL;RODOVIA MT 320 KM 33,S/N; ;ZONA RURAL;COLIDER;MT;DIESEL S500;3,87;15/08/2018 09:15
24725400000122;POSTO CORONEL;RODOVIA MT 320 KM 33,S/N; ;ZONA RURAL;COLIDER;MT;DIESEL S10;3,99;15/08/2018 09:15
25240709000195;POSTO INTERLAGOS;RUA ALMEIDA,700;QUADRA0082                LOTE  010E;VILA JARDIM RIO CLARO;JATAI;GO;GASOLINA C COMUM;5,15;01/10/2018 16:09
25240709000195;POSTO INTERLAGOS;RUA ALMEIDA,700;QUADRA0082                LOTE  010E;VILA JARDIM RIO CLARO;JATAI;GO;ETANOL;3,12;01/10/2018 16:09
25240709000195;POSTO INTERLAGOS;RUA ALMEIDA,700;QUADRA0082                LOTE  010E;VILA JARDIM RIO CLARO;JATAI;GO;DIESEL S500;3,99;01/10/2018 16:09
25240709000195;POSTO INTERLAGOS;RUA ALMEIDA,700;QUADRA0082                LOTE  010E;VILA JARDIM RIO CLARO;JATAI;GO;DIESEL S10;4,09;01/10/2018 16:09
25865312000199;POSTOS SR;AVENIDA COLUMBIA,540; ;RIACHO DAS PEDRAS;CONTAGEM;MG;GASOLINA C COMUM;4,677;21/06/2018 11:09
25865312000199;POSTOS SR;AVENIDA COLUMBIA,540; ;RIACHO DAS PEDRAS;CONTAGEM;MG;ETANOL;2,998;21/06/2018 11:09
25865312000199;POSTOS SR;AVENIDA COLUMBIA,540; ;RIACHO DAS PEDRAS;CONTAGEM;MG;DIESEL S500;3,439;21/06/2018 11:09
25865312000199;POSTOS SR;AVENIDA COLUMBIA,540; ;RIACHO DAS PEDRAS;CONTAGEM;MG;DIESEL S10;3,499;21/06/2018 11:09
26529830000285;AUTO POSTO VO CLOVIS LTDA;RUA WALDEMAR RANGRAB,2050; ;PEPERI;SAO MIGUEL DO OESTE;SC;GASOLINA C COMUM;4,399;25/09/2018 08:23
26529830000285;AUTO POSTO VO CLOVIS LTDA;RUA WALDEMAR RANGRAB,2050; ;PEPERI;SAO MIGUEL DO OESTE;SC;DIESEL S500;3,399;25/09/2018 08:23
26529830000285;AUTO POSTO VO CLOVIS LTDA;RUA WALDEMAR RANGRAB,2050; ;PEPERI;SAO MIGUEL DO OESTE;SC;DIESEL S10;3,449;25/09/2018 08:23
26529830000447;AUTO POSTO VO CLOVIS LTDA;RUA BARAO DO RIO BRANCO,165; ;CENTRO;BRUSQUE;SC;GASOLINA C COMUM;4,09;24/09/2018 14:28
26529830000447;AUTO POSTO VO CLOVIS LTDA;RUA BARAO DO RIO BRANCO,165; ;CENTRO;BRUSQUE;SC;DIESEL S10;3,39;24/09/2018 14:28
26602128000119;POSTO NOVO CEU;RODOVIA MT 320,S/N;KM 79;TREVO CANAA;NOVA CANAA DO NORTE;MT;GASOLINA C COMUM;4,84;23/11/2018 14:28
26602128000119;POSTO NOVO CEU;RODOVIA MT 320,S/N;KM 79;TREVO CANAA;NOVA CANAA DO NORTE;MT;ETANOL;3,18;02/10/2018 12:43
26602128000119;POSTO NOVO CEU;RODOVIA MT 320,S/N;KM 79;TREVO CANAA;NOVA CANAA DO NORTE;MT;DIESEL S500;4,14;06/11/2018 13:06
26602128000119;POSTO NOVO CEU;RODOVIA MT 320,S/N;KM 79;TREVO CANAA;NOVA CANAA DO NORTE;MT;DIESEL S10;4,22;06/11/2018 13:06
27336719000154;POSTO TOTAL;RUA CONSELHEIRO PORTELA,210; ;ESPINHEIRO;RECIFE;PE;GASOLINA C COMUM;4,349;29/11/2018 10:43
27336719000154;POSTO TOTAL;RUA CONSELHEIRO PORTELA,210; ;ESPINHEIRO;RECIFE;PE;ETANOL;3,199;29/11/2018 10:43
27336719000154;POSTO TOTAL;RUA CONSELHEIRO PORTELA,210; ;ESPINHEIRO;RECIFE;PE;DIESEL S10;3,799;29/11/2018 10:43
27444236000173;AUTO POSTO GAUCHINHO;RUA MAJOR CARLOS DA SILVA,1131; ;VILA JUQUITA;MARACAJU;MS;GASOLINA C COMUM;4,469;27/06/2018 12:00
27444236000173;AUTO POSTO GAUCHINHO;RUA MAJOR CARLOS DA SILVA,1131; ;VILA JUQUITA;MARACAJU;MS;ETANOL;3,399;27/06/2018 12:00
27444236000173;AUTO POSTO GAUCHINHO;RUA MAJOR CARLOS DA SILVA,1131; ;VILA JUQUITA;MARACAJU;MS;DIESEL S500;3,54;27/06/2018 12:00
27444236000173;AUTO POSTO GAUCHINHO;RUA MAJOR CARLOS DA SILVA,1131; ;VILA JUQUITA;MARACAJU;MS;DIESEL S10;3,6;27/06/2018 12:00
28771931000102;MANANCIAL COMERCIO DE COMBUSTIVEIS;RUA 21,1380;QUADRA42                  LOTE  01;CENTRO;EDEALINA;GO;GASOLINA C COMUM;4,799;04/10/2018 09:17
28771931000102;MANANCIAL COMERCIO DE COMBUSTIVEIS;RUA 21,1380;QUADRA42                  LOTE  01;CENTRO;EDEALINA;GO;ETANOL;2,889;04/10/2018 09:17
28771931000102;MANANCIAL COMERCIO DE COMBUSTIVEIS;RUA 21,1380;QUADRA42                  LOTE  01;CENTRO;EDEALINA;GO;DIESEL S500;3,699;04/10/2018 09:17
28771931000102;MANANCIAL COMERCIO DE COMBUSTIVEIS;RUA 21,1380;QUADRA42                  LOTE  01;CENTRO;EDEALINA;GO;DIESEL S10;3,799;04/10/2018 09:17
28861014000119;POSTO SAM;ESTRADA DE RIBAMAR,11; ;VILA KIOLA;SAO JOSE DE RIBAMAR;MA;GASOLINA C COMUM;4,099;13/07/2018 11:28
28861014000119;POSTO SAM;ESTRADA DE RIBAMAR,11; ;VILA KIOLA;SAO JOSE DE RIBAMAR;MA;DIESEL S10;3,399;13/07/2018 11:28
29402611000148;GTX;AVENIDA BRIGADEIRO JOSE VICENTE DE FARIA LIMA,815; ;JARDIM MARIA AUGUSTA;TAUBATE;SP;GASOLINA C COMUM;4,379;22/10/2018 10:18
29402611000148;GTX;AVENIDA BRIGADEIRO JOSE VICENTE DE FARIA LIMA,815; ;JARDIM MARIA AUGUSTA;TAUBATE;SP;ETANOL;2,799;22/10/2018 10:18
29402611000148;GTX;AVENIDA BRIGADEIRO JOSE VICENTE DE FARIA LIMA,815; ;JARDIM MARIA AUGUSTA;TAUBATE;SP;DIESEL S10;3,559;17/09/2018 17:26
30701345000133;POSTOS MAX;AVENIDA BRASIL,588; ;CENTRO;PASSO FUNDO;RS;GASOLINA C COMUM;4,759;25/09/2018 09:01
30701345000133;POSTOS MAX;AVENIDA BRASIL,588; ;CENTRO;PASSO FUNDO;RS;DIESEL S10;3,499;25/09/2018 09:01
31372642000145;REMAN COMERCIO DE PETROLEO LTDA;AVENIDA MARECHAL ALENCASTRO,3571; ;ANCHIETA;RIO DE JANEIRO;RJ;GASOLINA C COMUM;4,678;12/07/2018 11:32
31372642000145;REMAN COMERCIO DE PETROLEO LTDA;AVENIDA MARECHAL ALENCASTRO,3571; ;ANCHIETA;RIO DE JANEIRO;RJ;ETANOL;3,168;12/07/2018 11:32
31372642000145;REMAN COMERCIO DE PETROLEO LTDA;AVENIDA MARECHAL ALENCASTRO,3571; ;ANCHIETA;RIO DE JANEIRO;RJ;DIESEL S10;3,288;12/07/2018 11:32
31372642000145;REMAN COMERCIO DE PETROLEO LTDA;AVENIDA MARECHAL ALENCASTRO,3571; ;ANCHIETA;RIO DE JANEIRO;RJ;DIESEL S500;3,288;12/07/2018 11:33
33201971000159;POSTO DE GASOLINA JUREMA LTDA;RUA CONDE DE BONFIM,734; ;TIJUCA;RIO DE JANEIRO;RJ;GASOLINA C COMUM;4,999;22/11/2018 11:14
33201971000159;POSTO DE GASOLINA JUREMA LTDA;RUA CONDE DE BONFIM,734; ;TIJUCA;RIO DE JANEIRO;RJ;ETANOL;3,699;08/10/2018 16:41
33201971000159;POSTO DE GASOLINA JUREMA LTDA;RUA CONDE DE BONFIM,734; ;TIJUCA;RIO DE JANEIRO;RJ;DIESEL S10;3,769;22/11/2018 11:14
33250929000128;POSTO IATE COMBUSTIVEIS E LUBRIFICANTES LTDA;AVENIDA PASTEUR,S/N;INTERIOR DO ICRJ;URCA;RIO DE JANEIRO;RJ;GASOLINA C COMUM;4,999;29/11/2018 15:27
33517491000100;POSTO DE LUBRIFICACAO COMODORO LTDA;RUA SENADOR VERGUEIRO,9; ;FLAMENGO;RIO DE JANEIRO;RJ;GASOLINA C COMUM;4,995;27/11/2018 11:50
33517491000100;POSTO DE LUBRIFICACAO COMODORO LTDA;RUA SENADOR VERGUEIRO,9; ;FLAMENGO;RIO DE JANEIRO;RJ;ETANOL;3,598;20/10/2018 15:44
33785148000138;AUTO POSTO PIT-STOP LTDA.;AVENIDA PRESIDENTE VARGAS,1460; ;CENTRO;DOURADOS;MS;GASOLINA C COMUM;4,399;16/07/2018 12:49
33785148000138;AUTO POSTO PIT-STOP LTDA.;AVENIDA PRESIDENTE VARGAS,1460; ;CENTRO;DOURADOS;MS;ETANOL;3,329;11/07/2018 11:55
33785148000138;AUTO POSTO PIT-STOP LTDA.;AVENIDA PRESIDENTE VARGAS,1460; ;CENTRO;DOURADOS;MS;DIESEL S500;3,638;04/07/2018 17:33
33785148000138;AUTO POSTO PIT-STOP LTDA.;AVENIDA PRESIDENTE VARGAS,1460; ;CENTRO;DOURADOS;MS;DIESEL S10;3,719;04/07/2018 17:33
33885534000100;POSTO LEAO;RUA FLORES DA CUNHA,25;SALA;CENTRO;MACAUBAS;BA;GASOLINA C COMUM;5,199;19/09/2018 17:21
33885534000100;POSTO LEAO;RUA FLORES DA CUNHA,25;SALA;CENTRO;MACAUBAS;BA;ETANOL;3,599;19/09/2018 17:21
33885534000100;POSTO LEAO;RUA FLORES DA CUNHA,25;SALA;CENTRO;MACAUBAS;BA;DIESEL S500;3,999;19/09/2018 17:21
33885534000100;POSTO LEAO;RUA FLORES DA CUNHA,25;SALA;CENTRO;MACAUBAS;BA;DIESEL S10;4,099;19/09/2018 17:21
34002337000150;POSTOS IATE COMERCIO E SERVICOS LTDA;AVENIDA REPORT NESTOR MOREIRA,41; ;BOTAFOGO;RIO DE JANEIRO;RJ;GASOLINA C COMUM;4,999;29/11/2018 15:26
34002337000150;POSTOS IATE COMERCIO E SERVICOS LTDA;AVENIDA REPORT NESTOR MOREIRA,41; ;BOTAFOGO;RIO DE JANEIRO;RJ;ETANOL;3,849;14/11/2018 10:49
34002337000150;POSTOS IATE COMERCIO E SERVICOS LTDA;AVENIDA REPORT NESTOR MOREIRA,41; ;BOTAFOGO;RIO DE JANEIRO;RJ;DIESEL S10;3,885;07/11/2018 08:56
34147157000166;AUTO POSTO EXCEDE LTDA;AVENIDA EPITACIO PESSOA,4630; ;LAGOA;RIO DE JANEIRO;RJ;GASOLINA C COMUM;4,999;29/11/2018 15:25
34147157000166;AUTO POSTO EXCEDE LTDA;AVENIDA EPITACIO PESSOA,4630; ;LAGOA;RIO DE JANEIRO;RJ;ETANOL;3,699;14/11/2018 10:52
34147157000166;AUTO POSTO EXCEDE LTDA;AVENIDA EPITACIO PESSOA,4630; ;LAGOA;RIO DE JANEIRO;RJ;DIESEL S10;3,745;07/11/2018 08:53
36990794000125;AUTO POSTO COIMBRA;AVENIDA ARAGUAIA,1462;QUADRA 97 LOTES 1 E 2;INDUSTRIAL;ARAGUATINS;TO;GASOLINA C COMUM;5,2;27/09/2018 08:26
36990794000125;AUTO POSTO COIMBRA;AVENIDA ARAGUAIA,1462;QUADRA 97 LOTES 1 E 2;INDUSTRIAL;ARAGUATINS;TO;ETANOL;3,85;27/09/2018 08:26
36990794000125;AUTO POSTO COIMBRA;AVENIDA ARAGUAIA,1462;QUADRA 97 LOTES 1 E 2;INDUSTRIAL;ARAGUATINS;TO;DIESEL S500;3,78;27/09/2018 08:26
36990794000125;AUTO POSTO COIMBRA;AVENIDA ARAGUAIA,1462;QUADRA 97 LOTES 1 E 2;INDUSTRIAL;ARAGUATINS;TO;DIESEL S10;3,81;27/09/2018 08:26
37563426000163;POSTO CARAZINHO;RUA PREFEITO THEOFANES,2691; ;CENTRO;RIO BRILHANTE;MS;GASOLINA C COMUM;4,59;27/06/2018 12:39
37563426000163;POSTO CARAZINHO;RUA PREFEITO THEOFANES,2691; ;CENTRO;RIO BRILHANTE;MS;ETANOL;3,49;27/06/2018 12:39
37563426000163;POSTO CARAZINHO;RUA PREFEITO THEOFANES,2691; ;CENTRO;RIO BRILHANTE;MS;DIESEL S500;3,69;27/06/2018 12:39
37563426000163;POSTO CARAZINHO;RUA PREFEITO THEOFANES,2691; ;CENTRO;RIO BRILHANTE;MS;DIESEL S10;3,8;27/06/2018 12:39
37563426000244;POSTO TCHE;RUA BENJAMIN CONSTANT,2054; ;BAIRRO NORTE;RIO BRILHANTE;MS;GASOLINA C COMUM;4,69;27/06/2018 13:00
37563426000244;POSTO TCHE;RUA BENJAMIN CONSTANT,2054; ;BAIRRO NORTE;RIO BRILHANTE;MS;ETANOL;3,49;27/06/2018 13:00
37563426000244;POSTO TCHE;RUA BENJAMIN CONSTANT,2054; ;BAIRRO NORTE;RIO BRILHANTE;MS;DIESEL S500;3,69;27/06/2018 13:00
37563426000244;POSTO TCHE;RUA BENJAMIN CONSTANT,2054; ;BAIRRO NORTE;RIO BRILHANTE;MS;DIESEL S10;3,8;27/06/2018 13:00
40296824000175;KEM COM REP TRANSP SERV EXP IMP PROD DERV PETROLEO LTDA; ETR  MARECHAL ALENCASTRO,3660; ;ANCHIETA;RIO DE JANEIRO;RJ;GASOLINA C COMUM;4,789;28/11/2018 02:07
40296824000175;KEM COM REP TRANSP SERV EXP IMP PROD DERV PETROLEO LTDA; ETR  MARECHAL ALENCASTRO,3660; ;ANCHIETA;RIO DE JANEIRO;RJ;ETANOL;3,499;27/11/2018 02:50
40296824000175;KEM COM REP TRANSP SERV EXP IMP PROD DERV PETROLEO LTDA; ETR  MARECHAL ALENCASTRO,3660; ;ANCHIETA;RIO DE JANEIRO;RJ;GNV;2,998;09/11/2018 18:12
40296824000175;KEM COM REP TRANSP SERV EXP IMP PROD DERV PETROLEO LTDA; ETR  MARECHAL ALENCASTRO,3660; ;ANCHIETA;RIO DE JANEIRO;RJ;DIESEL S500;3,799;02/11/2018 15:02
40296824000175;KEM COM REP TRANSP SERV EXP IMP PROD DERV PETROLEO LTDA; ETR  MARECHAL ALENCASTRO,3660; ;ANCHIETA;RIO DE JANEIRO;RJ;DIESEL S10;3,898;02/11/2018 15:02
41526112000168;POSTO SAO JOSE;RODOVIA BR 142,S/N;KM 01;ZONA RURAL;PIO IX;PI;GASOLINA C COMUM;4,9;24/07/2018 09:28
41526112000168;POSTO SAO JOSE;RODOVIA BR 142,S/N;KM 01;ZONA RURAL;PIO IX;PI;DIESEL S10;3,55;24/07/2018 09:28
41798398000130;POSTO LAMPARINA;RODOVIA BR 135,SN;KM: 510;CENTRO;BUENOPOLIS;MG;GASOLINA C COMUM;5,149;08/10/2018 17:38
41798398000130;POSTO LAMPARINA;RODOVIA BR 135,SN;KM: 510;CENTRO;BUENOPOLIS;MG;ETANOL;3,569;08/10/2018 17:38
41798398000130;POSTO LAMPARINA;RODOVIA BR 135,SN;KM: 510;CENTRO;BUENOPOLIS;MG;DIESEL S10;3,989;08/10/2018 17:38
42299370000111;POSTO RUBI;RUA BELISARIO PENA,760; ;PENHA;RIO DE JANEIRO;RJ;GASOLINA C COMUM;4,859;05/11/2018 16:01
42299370000111;POSTO RUBI;RUA BELISARIO PENA,760; ;PENHA;RIO DE JANEIRO;RJ;ETANOL;3,399;05/11/2018 16:01
42299370000111;POSTO RUBI;RUA BELISARIO PENA,760; ;PENHA;RIO DE JANEIRO;RJ;GNV;2,899;05/11/2018 16:01
42299370000111;POSTO RUBI;RUA BELISARIO PENA,760; ;PENHA;RIO DE JANEIRO;RJ;DIESEL S500;3,559;05/11/2018 16:01
42299370000111;POSTO RUBI;RUA BELISARIO PENA,760; ;PENHA;RIO DE JANEIRO;RJ;DIESEL S10;3,659;05/11/2018 16:01
48299440000118;KOIKE, KOIKE & CIA LTDA;AVENIDA IRMAS CINTRA,525; ;CENTRO;SAO MANUEL;SP;GASOLINA C COMUM;4,5;20/06/2018 13:27
48299440000118;KOIKE, KOIKE & CIA LTDA;AVENIDA IRMAS CINTRA,525; ;CENTRO;SAO MANUEL;SP;ETANOL;2,98;20/06/2018 13:27
48299440000118;KOIKE, KOIKE & CIA LTDA;AVENIDA IRMAS CINTRA,525; ;CENTRO;SAO MANUEL;SP;DIESEL S500;3,41;20/06/2018 13:27
53328944000159;AUTO POSTO BANDEIRA;AVENIDA JOAO PESSOA,1426; ;PEDREGULHO;GUARATINGUETA;SP;GASOLINA C COMUM;4,479;17/11/2018 14:08
53328944000159;AUTO POSTO BANDEIRA;AVENIDA JOAO PESSOA,1426; ;PEDREGULHO;GUARATINGUETA;SP;ETANOL;2,979;17/11/2018 14:08
53328944000159;AUTO POSTO BANDEIRA;AVENIDA JOAO PESSOA,1426; ;PEDREGULHO;GUARATINGUETA;SP;DIESEL S500;3,507;22/10/2018 09:55
53328944000159;AUTO POSTO BANDEIRA;AVENIDA JOAO PESSOA,1426; ;PEDREGULHO;GUARATINGUETA;SP;DIESEL S10;3,709;17/09/2018 17:09
58662446000161;AUTO POSTO 4R LTDA.;RODOVIA PRESIDENTE DUTRA,S/N;KM 124;CAMPO GRANDE;CACAPAVA;SP;GASOLINA C COMUM;4,277;17/11/2018 14:06
58662446000161;AUTO POSTO 4R LTDA.;RODOVIA PRESIDENTE DUTRA,S/N;KM 124;CAMPO GRANDE;CACAPAVA;SP;ETANOL;2,799;22/10/2018 10:06
58662446000161;AUTO POSTO 4R LTDA.;RODOVIA PRESIDENTE DUTRA,S/N;KM 124;CAMPO GRANDE;CACAPAVA;SP;DIESEL S500;3,396;17/11/2018 14:06
58662446000161;AUTO POSTO 4R LTDA.;RODOVIA PRESIDENTE DUTRA,S/N;KM 124;CAMPO GRANDE;CACAPAVA;SP;DIESEL S10;3,497;17/11/2018 14:06
61109229000153;AUTO POSTO DA FE LTDA;AVENIDA CONSELHEIRO CARRAO,3481; ;VILA CARRAO;SAO PAULO;SP;GASOLINA C COMUM;4,299;31/07/2018 11:38
61109229000153;AUTO POSTO DA FE LTDA;AVENIDA CONSELHEIRO CARRAO,3481; ;VILA CARRAO;SAO PAULO;SP;ETANOL;2,599;31/07/2018 11:38
61109229000153;AUTO POSTO DA FE LTDA;AVENIDA CONSELHEIRO CARRAO,3481; ;VILA CARRAO;SAO PAULO;SP;DIESEL S10;3,439;31/07/2018 11:38
70056510000166;POSTO GONZAGAO;RODOVIA ASA BRANCA BR 122 KM 38,SN; ;CENTRO;EXU;PE;GASOLINA C COMUM;4,975;08/10/2018 12:08
70056510000166;POSTO GONZAGAO;RODOVIA ASA BRANCA BR 122 KM 38,SN; ;CENTRO;EXU;PE;ETANOL;3,99;08/10/2018 12:08
70056510000166;POSTO GONZAGAO;RODOVIA ASA BRANCA BR 122 KM 38,SN; ;CENTRO;EXU;PE;DIESEL S10;3,925;08/10/2018 12:08
72408842000198;ALG POSTO DE ABASTECIMENTO E SERVICOS LTDA;AVENIDA DOS DEMOCRATICOS,1400; ;BONSUCESSO;RIO DE JANEIRO;RJ;GASOLINA C COMUM;4,899;14/11/2018 10:44
72408842000198;ALG POSTO DE ABASTECIMENTO E SERVICOS LTDA;AVENIDA DOS DEMOCRATICOS,1400; ;BONSUCESSO;RIO DE JANEIRO;RJ;ETANOL;3,599;14/11/2018 10:44
72408842000198;ALG POSTO DE ABASTECIMENTO E SERVICOS LTDA;AVENIDA DOS DEMOCRATICOS,1400; ;BONSUCESSO;RIO DE JANEIRO;RJ;GNV;3,049;21/11/2018 09:02
72408842000198;ALG POSTO DE ABASTECIMENTO E SERVICOS LTDA;AVENIDA DOS DEMOCRATICOS,1400; ;BONSUCESSO;RIO DE JANEIRO;RJ;DIESEL S10;3,695;07/11/2018 08:52
75474288000135;COMERCIAL DE COMBUSTIVEIS TREZEMAINHENSE LTDA;AVENIDA ADEMAR GHIZI,SN; ;CENTRO;TREZE DE MAIO;SC;GASOLINA C COMUM;4,479;22/08/2018 18:39
75474288000135;COMERCIAL DE COMBUSTIVEIS TREZEMAINHENSE LTDA;AVENIDA ADEMAR GHIZI,SN; ;CENTRO;TREZE DE MAIO;SC;ETANOL;3,929;22/08/2018 18:39
75474288000135;COMERCIAL DE COMBUSTIVEIS TREZEMAINHENSE LTDA;AVENIDA ADEMAR GHIZI,SN; ;CENTRO;TREZE DE MAIO;SC;DIESEL S500;3,329;22/08/2018 18:39
80806904000148;POSTOS MAX;AVENIDA MARINHEIRO MAX SCHRAMM,2586; ;ESTREITO;FLORIANOPOLIS;SC;GASOLINA C COMUM;4,199;25/09/2018 09:02
80806904000148;POSTOS MAX;AVENIDA MARINHEIRO MAX SCHRAMM,2586; ;ESTREITO;FLORIANOPOLIS;SC;DIESEL S10;3,499;25/09/2018 09:02
83392050000199;POSTO ZANDONA 12;RUA DR PEDRO ZIMMERMANN,2600; ;ITOUPAVA CENTRAL;BLUMENAU;SC;GASOLINA C COMUM;4,097;25/06/2018 11:09
83392050000199;POSTO ZANDONA 12;RUA DR PEDRO ZIMMERMANN,2600; ;ITOUPAVA CENTRAL;BLUMENAU;SC;ETANOL;3,497;25/06/2018 11:09
83392050000199;POSTO ZANDONA 12;RUA DR PEDRO ZIMMERMANN,2600; ;ITOUPAVA CENTRAL;BLUMENAU;SC;GNV;2,197;25/06/2018 11:09
83392050000199;POSTO ZANDONA 12;RUA DR PEDRO ZIMMERMANN,2600; ;ITOUPAVA CENTRAL;BLUMENAU;SC;DIESEL S500;3,437;25/06/2018 11:09
83392050000199;POSTO ZANDONA 12;RUA DR PEDRO ZIMMERMANN,2600; ;ITOUPAVA CENTRAL;BLUMENAU;SC;DIESEL S10;3,537;25/06/2018 11:09
83607333000100;POSTO OURO VERDE LTDA;RUA SANTA CATARINA,616; ;CENTRO;OURO VERDE;SC;GASOLINA C COMUM;4,58;29/08/2018 10:34
83607333000100;POSTO OURO VERDE LTDA;RUA SANTA CATARINA,616; ;CENTRO;OURO VERDE;SC;DIESEL S500;3,79;29/08/2018 10:34
83607333000100;POSTO OURO VERDE LTDA;RUA SANTA CATARINA,616; ;CENTRO;OURO VERDE;SC;DIESEL S10;3,89;29/08/2018 10:34
84437136000153;POSTO MARECHAL;AVENIDA MARECHAL DEODORO DA FONSECA,961; ;CENTRO;JARAGUA DO SUL;SC;GASOLINA C COMUM;4,175;13/07/2018 08:55
84437136000153;POSTO MARECHAL;AVENIDA MARECHAL DEODORO DA FONSECA,961; ;CENTRO;JARAGUA DO SUL;SC;ETANOL;3,375;13/07/2018 08:55
84437136000153;POSTO MARECHAL;AVENIDA MARECHAL DEODORO DA FONSECA,961; ;CENTRO;JARAGUA DO SUL;SC;DIESEL S10;3,335;13/07/2018 08:55
87012050000177;POSTO COOMOCA;RUA MIGUEL LORETO SOBRINHO,28;ESQUINA COM BR 153;DISTRITO INDUSTRIAL;CACHOEIRA DO SUL;RS;GASOLINA C COMUM;4;13/07/2018 10:57
87012050000177;POSTO COOMOCA;RUA MIGUEL LORETO SOBRINHO,28;ESQUINA COM BR 153;DISTRITO INDUSTRIAL;CACHOEIRA DO SUL;RS;ETANOL;3;13/07/2018 10:57
87012050000177;POSTO COOMOCA;RUA MIGUEL LORETO SOBRINHO,28;ESQUINA COM BR 153;DISTRITO INDUSTRIAL;CACHOEIRA DO SUL;RS;DIESEL S500;3;13/07/2018 10:57
87012050000177;POSTO COOMOCA;RUA MIGUEL LORETO SOBRINHO,28;ESQUINA COM BR 153;DISTRITO INDUSTRIAL;CACHOEIRA DO SUL;RS;DIESEL S10;3;13/07/2018 10:57
91424135000130;ABASTECEDORA TRES AMIGOS LTDA;RODOVIA BR-116,7455; ;ROSELANDIA;NOVO HAMBURGO;RS;GASOLINA C COMUM;4,599;14/07/2018 10:17
91424135000130;ABASTECEDORA TRES AMIGOS LTDA;RODOVIA BR-116,7455; ;ROSELANDIA;NOVO HAMBURGO;RS;GNV;2,899;14/07/2018 10:17
91424135000130;ABASTECEDORA TRES AMIGOS LTDA;RODOVIA BR-116,7455; ;ROSELANDIA;NOVO HAMBURGO;RS;DIESEL S500;3,199;14/07/2018 10:17
91424135000130;ABASTECEDORA TRES AMIGOS LTDA;RODOVIA BR-116,7455; ;ROSELANDIA;NOVO HAMBURGO;RS;DIESEL S10;3,299;14/07/2018 10:17
93777456000143;POSTO PAMPEANO II;AVENIDA PRESIDENTE KENNEDY,185; ;VILA BATISTA;CACAPAVA DO SUL;RS;GASOLINA C COMUM;4,947;29/06/2018 12:01
93777456000143;POSTO PAMPEANO II;AVENIDA PRESIDENTE KENNEDY,185; ;VILA BATISTA;CACAPAVA DO SUL;RS;ETANOL;4,149;29/06/2018 12:01
93777456000143;POSTO PAMPEANO II;AVENIDA PRESIDENTE KENNEDY,185; ;VILA BATISTA;CACAPAVA DO SUL;RS;DIESEL S500;3,327;29/06/2018 12:01
93777456000143;POSTO PAMPEANO II;AVENIDA PRESIDENTE KENNEDY,185; ;VILA BATISTA;CACAPAVA DO SUL;RS;DIESEL S10;3,394;29/06/2018 12:01
